開倉時間,UID,倉位單號,合約類型,交易對,方向,槓桿,開倉價格,止盈價格,止損價格,強平價格,倉位數量,初始保證金,倉位保證金,開倉手續費,未實現盈虧,資金費,倉位狀態,平倉類型,平倉價格,已實現盈虧,回報率,平倉手續費,平倉時間
2024-08-08T23:28:25+08:00,OOOOOGDV,233645319917568,普通合約,BTCUSDT,多,277,58839.4,59051.5,0,58638.2,1.902927,426.60659235,426.60659235,22.39340765,0,0,已平倉,手動平倉,58638.3,-427.40283916,-95.19,22.31686914,2024-08-08T23:28:40+08:00
2024-08-08T23:27:54+08:00,OOOOOGDV,233514235334656,普通合約,BTCUSDT,多,277,58879.1,58974.8,0,58677.8,2.824936,633.73407535,633.73407535,33.26592465,0,0,已平倉,手動平倉,58677.9,-634.91710282,-95.19,33.15222486,2024-08-08T23:28:08+08:00
2024-08-08T23:15:59+08:00,OOOOOGMK,230516582895616,得勁合約,BTCUSDT,多,1000,58698.1,58874,0,58643.2,13.104871,1000,1000,0,0,0,已平倉,強制平倉,58643.2,-1000,-100,230.55344532,2024-08-08T23:17:31+08:00
2024-08-08T23:06:33+08:00,OOOOOFHC,228141118001152,普通合約,BTCUSDT,多,1,59082.6,354496.8,0,2558.1,0.000084,4.99900741,4.99900741,0.00099259,0,0,已平倉,手動平倉,58964.2,-0.01193333,-0.24,0.0009906,2024-08-08T23:10:06+08:00
2024-08-08T22:38:14+08:00,OOOOOGDV,221015603531776,得勁合約,BTCUSDT,多,600,58439.3,58539.2,0,58347.7,2.610271,300,300,0,0,0,已平倉,手動平倉,58347.8,-284.66728,-94.89,45.69101081,2024-08-08T22:39:30+08:00
2024-08-08T22:33:38+08:00,OOOOOGDV,219860420907008,得勁合約,BTCUSDT,多,600,58213,58505.1,0,58121.7,4.367364,500,500,0,0,0,已平倉,手動平倉,58121.8,-474.44377593,-94.89,76.15168731,2024-08-08T22:37:34+08:00
2024-08-08T22:32:57+08:00,OOOOOGDV,219687561203712,得勁合約,BTCUSDT,多,800,58356.3,58581.9,0,58287.9,5.527779,500,500,0,0,0,已平倉,手動平倉,58288,-474.33392012,-94.87,96.66087564,2024-08-08T22:37:34+08:00
2024-08-08T22:30:21+08:00,OOOOOGDV,219031899066368,得勁合約,BTCUSDT,多,800,58151.9,58359.6,0,58083.7,2.218883,200,200,0,0,0,已平倉,強制平倉,58083.7,-200,-100,38.6642746,2024-08-08T22:30:49+08:00
2024-08-08T22:29:58+08:00,OOOOOGMO,218938131353600,得勁合約,BTCUSDT,多,1000,58148,58206,0,58093.7,2.645769,200,200,0,0,0,已平倉,強制平倉,58093.7,-200,-100,46.11067861,2024-08-08T22:30:46+08:00
2024-08-08T22:27:34+08:00,OOOOOGDV,218332926840832,普通合約,BTCUSDT,多,1,57973.9,347853,0,2899.1,0.172422,9998.00080661,9998.00080661,1.99919339,0,0,已平倉,手動平倉,57983.2,-2.39907681,-0.03,1.99951332,2024-08-08T22:27:43+08:00
2024-08-08T22:27:33+08:00,OOOOOGDV,218327163719680,得勁合約,BTCUSDT,多,800,57977.8,58194.8,0,57909.8,5.563867,500,500,0,0,0,已平倉,手動平倉,57992.5,-15.27636693,-3.06,96.79864362,2024-08-08T22:27:56+08:00
2024-08-08T22:26:44+08:00,OOOOOGDV,218123765141504,普通合約,BTCUSDT,多,20,57839.3,72274.4,0,55092.5,0.304277,883.48016787,883.48016787,3.51983213,0,0,已平倉,手動平倉,57966.6,31.6726258,3.58,3.52757614,2024-08-08T22:27:16+08:00
2024-08-08T22:26:00+08:00,OOOOOGDV,217936518828032,普通合約,BTCUSDT,多,20,57763.6,72213.4,0,55020.4,0.183424,531.88095486,531.88095486,2.11904514,0,0,已平倉,手動平倉,57827.6,7.49012026,1.41,2.12139125,2024-08-08T22:26:33+08:00
2024-08-08T22:25:40+08:00,OOOOOGDV,217852418985984,普通合約,BTCUSDT,多,20,57736.3,72170.1,0,54994.4,0.114436,331.67857836,331.67857836,1.32142164,0,0,已平倉,手動平倉,56603.5,-132.25510761,-39.72,1.295494,2024-08-08T22:25:50+08:00
2024-08-08T22:24:25+08:00,OOOOOGMJ,217538408075264,普通合約,BTCUSDT,多,1,57689.9,346129.8,0,2884.7,0.017327,999.80008151,999.80008151,0.19991849,0,0,已平倉,手動平倉,2884.8,-949.81834154,-94.99,0.00999681,2024-08-08T22:27:44+08:00
2024-08-08T22:22:18+08:00,OOOOOGDV,217005442060288,得勁合約,BTCUSDT,多,800,57672.9,57911.7,0,57605.3,3.355969,300,300,0,0,0,已平倉,手動平倉,57676.8,-45.13465157,-15.05,58.06839232,2024-08-08T22:22:25+08:00
2024-08-08T22:20:04+08:00,OOOOOGDV,216445175320576,得勁合約,BTCUSDT,多,800,57617.6,57847.2,0,57550.1,5.59865,500,500,0,0,0,已平倉,手動平倉,57576,-329.86326883,-65.98,96.70423957,2024-08-08T22:20:11+08:00
2024-08-08T22:15:14+08:00,OOOOOGDV,215229741666304,得勁合約,BTCUSDT,多,600,57467.1,57776.4,0,57377,5.308861,600,600,0,0,0,已平倉,手動平倉,57463.4,-111.40002162,-18.57,91.51944567,2024-08-08T22:15:21+08:00
2024-08-08T22:14:02+08:00,OOOOOGMO,214927193935872,得勁合約,BTCUSDT,多,1000,57447.7,57511.5,0,57394,2.678022,200,200,0,0,0,已平倉,手動平倉,57461.3,-9.86340941,-4.94,46.16472952,2024-08-08T22:14:42+08:00
2024-08-08T22:13:43+08:00,OOOOOGMO,214845522448384,得勁合約,BTCUSDT,多,1000,57470.2,57527.5,0,57416.5,5.353947,400,400,0,0,0,已平倉,手動平倉,57416.6,-379.37845818,-94.85,92.22153008,2024-08-08T22:13:52+08:00
2024-08-08T22:13:01+08:00,OOOOOGDV,214672343683072,得勁合約,BTCUSDT,多,1000,57481.9,57660.4,0,57428.2,5.941672,444,444,0,0,0,已平倉,手動平倉,57460.1,-232.21738037,-52.31,102.42259117,2024-08-08T22:13:08+08:00
2024-08-08T22:11:50+08:00,OOOOOGMO,214372102967296,得勁合約,BTCUSDT,多,1000,57351.8,57405.1,0,57298.2,5.365,400,400,0,0,0,已平倉,止盈平倉,57405.1,193.71091754,48.43,92.39350845,2024-08-08T22:12:05+08:00
2024-08-08T22:11:01+08:00,OOOOOGDV,214166774861824,得勁合約,BTCUSDT,多,1000,57427.7,57460.4,0,57374,4.018432,300,300,0,0,0,已平倉,手動平倉,57453.6,34.63606332,11.55,69.2619282,2024-08-08T22:11:07+08:00
2024-08-08T22:10:30+08:00,OOOOOGDV,214038500610048,普通合約,BTCUSDT,多,20,57446.8,71795.5,0,54718.7,0.306702,884.476192,884.476192,3.523808,0,0,已平倉,手動平倉,56075.1,-427.67422712,-48.17,3.43966585,2024-08-08T22:10:45+08:00
2024-08-08T22:09:42+08:00,OOOOOGDV,213834300772352,普通合約,BTCUSDT,多,20,57410,71762.3,0,54683.6,0.191811,552.79762716,552.79762716,2.20237284,0,0,已平倉,手動平倉,56139.7,-248.01420718,-44.69,2.1536412,2024-08-08T22:09:50+08:00
2024-08-08T22:09:15+08:00,OOOOOGDV,213723713900544,得勁合約,BTCUSDT,多,1000,57412.2,57474,0,57358.5,4.019517,300,300,0,0,0,已平倉,手動平倉,57444.6,60.78342386,20.27,69.26977666,2024-08-08T22:09:23+08:00
2024-08-08T22:03:21+08:00,OOOOOGMO,212236745052160,得勁合約,BTCUSDT,多,1000,57472.5,57517.7,0,57418.8,4.0153,300,300,0,0,0,已平倉,止盈平倉,57517.7,112.31706817,37.44,69.28524625,2024-08-08T22:03:25+08:00
2024-08-08T21:43:51+08:00,OOOOOGDV,207330726383616,得勁合約,BTCUSDT,多,1000,57440,57501.1,0,57386.3,4.017572,300,300,0,0,0,已平倉,手動平倉,57440.8,-66.19697302,-22.07,69.23167776,2024-08-08T21:44:01+08:00
2024-08-08T21:42:55+08:00,OOOOOGDV,207093978894336,得勁合約,BTCUSDT,多,1000,57486.8,57550,0,57433.1,4.014301,300,300,0,0,0,已平倉,手動平倉,57502.7,-5.60298652,-1.87,69.24985652,2024-08-08T21:43:02+08:00
2024-08-08T21:41:44+08:00,OOOOOGDV,206799853178880,得勁合約,BTCUSDT,多,1000,57434.6,57473.5,0,57380.9,4.017949,300,300,0,0,0,已平倉,手動平倉,57432.3,-78.64841339,-26.22,69.22792856,2024-08-08T21:41:52+08:00
2024-08-08T21:40:41+08:00,OOOOOGDV,206534739759104,得勁合約,BTCUSDT,多,1000,57410.2,57464.8,0,57356.5,4.019657,300,300,0,0,0,已平倉,止盈平倉,57464.8,150.28826239,50.1,69.29663568,2024-08-08T21:40:48+08:00
2024-08-08T21:39:04+08:00,OOOOOGMJ,206126944210944,普通合約,BTCUSDT,多,1,57515.3,345085.8,0,0,0.000086,4.99901073,10.00901073,0.00098927,0,0,已平倉,手動平倉,57403.7,-0.01157806,-0.24,0.00098735,2024-08-08T21:41:31+08:00
2024-08-08T21:37:29+08:00,OOOOOGMJ,205726920855552,普通合約,BTCUSDT,多,499,57488.2,58074.4,0,0,0.723578,91.68056462,57136.88056462,8.31943538,0,0,已平倉,手動平倉,57425.9,-61.74113222,-61.75,8.31041312,2024-08-08T21:40:28+08:00
2024-08-08T21:32:59+08:00,OOOOOGDV,204594383278080,得勁合約,BTCUSDT,多,1000,57438.3,57612.2,0,57384.6,4.017691,300,300,0,0,0,已平倉,手動平倉,57420.7,-140.09995879,-46.7,69.20950179,2024-08-08T21:33:09+08:00
2024-08-08T21:32:21+08:00,OOOOOGDV,204436635504640,得勁合約,BTCUSDT,多,1000,57544.5,57633.9,0,57490.7,4.010276,300,300,0,0,0,已平倉,強制平倉,57490.7,-300,-100,69.16603449,2024-08-08T21:32:26+08:00
2024-08-08T21:31:10+08:00,OOOOOGDV,204138672295936,得勁合約,BTCUSDT,多,1000,57773.6,57837.4,0,57719.6,3.994373,300,300,0,0,0,已平倉,強制平倉,57719.6,-300,-100,69.16602965,2024-08-08T21:31:35+08:00
2024-08-08T21:30:10+08:00,OOOOOGDV,203886795952128,得勁合約,BTCUSDT,多,1000,57768.2,57852.2,0,57714.2,3.994746,300,300,0,0,0,已平倉,手動平倉,57752,-134.11216528,-44.71,69.21128351,2024-08-08T21:30:17+08:00
2024-08-08T21:29:50+08:00,OOOOOGMJ,203802888753152,得勁合約,BTCUSDT,多,1000,57764.2,57933.6,0,57710.2,13.316745,1000,1000,0,0,0,已平倉,手動平倉,57710.3,-948.45295577,-94.85,230.55386004,2024-08-08T21:30:03+08:00
2024-08-08T21:28:04+08:00,OOOOOGDV,203358691135488,得勁合約,BTCUSDT,多,1000,57694.5,57743.9,0,57640.6,3.999849,300,300,0,0,0,已平倉,止盈平倉,57743.9,128.41014072,42.81,69.29006421,2024-08-08T21:28:25+08:00
2024-08-08T21:26:49+08:00,OOOOOGDV,203042406912000,得勁合約,BTCUSDT,多,1000,57854.3,57916.1,0,57800.2,3.988801,300,300,0,0,0,已平倉,強制平倉,57800.2,-300,-100,69.1660245,2024-08-08T21:27:11+08:00
2024-08-08T21:25:11+08:00,OOOOOGDV,202632644530176,得勁合約,BTCUSDT,多,1000,57883.8,58048.5,0,57829.7,3.986768,300,300,0,0,0,已平倉,強制平倉,57829.7,-300,-100,69.16602218,2024-08-08T21:25:20+08:00
2024-08-08T21:22:44+08:00,OOOOOGMJ,202015775657984,得勁合約,BTCUSDT,多,1000,57860.4,57889.3,57831.5,57806.3,13.294604,1000,1000,0,0,0,已平倉,止損平倉,57831.5,-614.5168875,-61.46,230.65406737,2024-08-08T21:23:11+08:00
2024-08-08T21:22:03+08:00,OOOOOGMJ,201844715016192,得勁合約,BTCUSDT,多,1000,57980.3,58038.3,57951.3,57926.1,13.267111,1000,1000,0,0,0,已平倉,止損平倉,57951.3,-615.05438097,-61.51,230.65389891,2024-08-08T21:22:23+08:00
2024-08-08T21:17:23+08:00,OOOOOGDV,200670129541120,普通合約,BTCUSDT,多,181,58085,58416.5,0,57780.7,1.641747,545.92783355,545.92783355,19.07216645,0,0,已平倉,手動平倉,58098.9,-15.40830684,-2.73,19.07671457,2024-08-08T21:17:39+08:00
2024-08-08T21:14:26+08:00,OOOOOGDV,199929268654080,普通合約,BTCUSDT,多,181,57947.2,58262.9,0,57643.7,2.909745,965.27770013,965.27770013,33.72229987,0,0,已平倉,手動平倉,57938,-94.34753685,-9.45,33.71691821,2024-08-08T21:14:34+08:00
2024-08-08T21:14:04+08:00,OOOOOGDV,199834930368512,普通合約,BTCUSDT,多,181,57939.1,58256.6,0,57635.6,0.97005,321.75924028,321.75924028,11.24075972,0,0,已平倉,手動平倉,57635.7,-316.75616626,-95.13,11.18189301,2024-08-08T21:14:13+08:00
2024-08-08T21:13:15+08:00,OOOOOGDV,199630139281408,普通合約,BTCUSDT,多,181,57909.5,58253.3,0,57606.2,0.970546,321.75923838,321.75923838,11.24076162,0,0,已平倉,手動平倉,57606.3,-316.75611678,-95.13,11.18189493,2024-08-08T21:13:25+08:00
2024-08-08T21:12:55+08:00,OOOOOGDV,199547637321728,普通合約,BTCUSDT,多,181,57956.6,58294.3,0,57653,2.262768,750.77154385,750.77154385,26.22845615,0,0,已平倉,手動平倉,57935.9,-99.39470291,-12.8,26.21906672,2024-08-08T21:13:03+08:00
2024-08-08T21:12:19+08:00,OOOOOGDV,199396604628992,普通合約,BTCUSDT,多,181,57934.2,58252.2,0,57630.7,2.58702,858.02462673,858.02462673,29.97537327,0,0,已平倉,手動平倉,57950.2,-18.68995936,-2.11,29.98362708,2024-08-08T21:12:24+08:00
2024-08-08T21:12:00+08:00,OOOOOGDV,199314060873728,普通合約,BTCUSDT,多,181,57959.6,58273.4,0,57656,2.620831,869.6195504,869.6195504,30.3804496,0,0,已平倉,手動平倉,57981.9,-2.45337089,-0.28,30.39211344,2024-08-08T21:12:05+08:00
2024-08-08T21:11:32+08:00,OOOOOGDV,199195949125632,普通合約,BTCUSDT,多,181,57930.3,58253,0,57626.8,0.192291,63.77210594,63.77210594,2.22789406,0,0,已平倉,手動平倉,57626.9,-62.78049832,-95.13,2.21622678,2024-08-08T21:11:43+08:00
2024-08-08T21:10:44+08:00,OOOOOGDV,198996900188160,得勁合約,BTCUSDT,多,1000,57826.2,57848.6,0,57772.2,0.877962,66,66,0,0,0,已平倉,止盈平倉,57848.6,4.45297233,6.75,15.23666177,2024-08-08T21:10:47+08:00
2024-08-08T19:27:38+08:00,OOOOOOOK,173050604294144,得勁合約,BTCUSDT,空,1000,57505.7,57333.3,0,57559.4,1.337661,100,100,0,0,0,已平倉,強制平倉,57559.4,-100,-100,23.09848748,2024-08-08T19:35:09+08:00
2024-08-08T19:27:34+08:00,OOOOOOOK,173035747921920,得勁合約,BTCUSDT,空,1000,57493.9,57321.5,0,57547.6,1.337936,100,100,0,0,0,已平倉,強制平倉,57547.6,-100,-100,23.09849541,2024-08-08T19:35:09+08:00
2024-08-08T19:22:13+08:00,OOOOOOOK,171687677792256,得勁合約,SOLUSDT,空,1000,153.928,153.466,0,154.062,499.735,100,100,0,0,0,已平倉,強制平倉,154.062,-100,-100,23.09697043,2024-08-08T19:23:02+08:00
2024-08-08T19:22:10+08:00,OOOOOOOK,171674922913792,得勁合約,SOLUSDT,空,1000,153.906,153.451,0,154.04,499.807,100,100,0,0,0,已平倉,強制平倉,154.04,-100,-100,23.09699654,2024-08-08T19:22:39+08:00
2024-08-08T19:22:08+08:00,OOOOOOOK,171665737388032,得勁合約,SOLUSDT,空,1000,153.964,153.533,0,154.098,499.618,100,100,0,0,0,已平倉,強制平倉,154.098,-100,-100,23.09696344,2024-08-08T19:25:38+08:00
2024-08-08T19:22:05+08:00,OOOOOOOK,171654240653312,得勁合約,SOLUSDT,多,1000,154.017,154.478,0,153.883,499.447,100,100,0,0,0,已平倉,手動平倉,154.188,62.3405374,62.35,23.10255091,2024-08-08T19:26:58+08:00
2024-08-08T19:22:03+08:00,OOOOOOOK,171646154035200,得勁合約,SOLUSDT,多,1000,153.999,154.437,0,153.865,499.505,100,100,0,0,0,已平倉,手動平倉,154.188,71.33889188,71.34,23.10523377,2024-08-08T19:26:58+08:00
2024-08-08T19:22:00+08:00,OOOOOOOK,171632245723136,得勁合約,SOLUSDT,多,1000,154.017,154.478,0,153.883,499.447,100,100,0,0,0,已平倉,手動平倉,154.188,62.3405374,62.35,23.10255091,2024-08-08T19:26:58+08:00
2024-08-08T18:44:10+08:00,OOOOOGDV,162111716708352,普通合約,BTCUSDT,多,499,57364.2,80000,0,57255.6,1.450284,183.3611318,183.3611318,16.6388682,0,0,已平倉,強制平倉,57255.6,-200,-100,16.60735736,2024-08-08T19:43:14+08:00
2024-08-08T18:23:11+08:00,OOOOOGDV,156830429614080,普通合約,BTCUSDT,多,20,57408.2,71760,0,54681.9,0.103685,298.80952673,298.80952673,1.19047327,0,0,已平倉,手動平倉,56324.3,-114.74291874,-38.25,1.16799638,2024-08-08T18:23:33+08:00
2024-08-08T18:23:07+08:00,OOOOOGDV,156815145422848,普通合約,BTCUSDT,多,20,57413.6,71766.8,0,54687,0.034558,99.60318035,99.60318035,0.39681965,0,0,已平倉,手動平倉,56324.3,-38.43023296,-38.44,0.38929083,2024-08-08T18:23:33+08:00
2024-08-08T18:22:08+08:00,OOOOOGDV,156567509667840,普通合約,BTCUSDT,多,20,57414.2,71767.1,0,54687.6,0.079483,229.08730986,229.08730986,0.91269014,0,0,已平倉,手動平倉,55691.8,-138.6978839,-60.31,0.88531016,2024-08-08T18:22:42+08:00
2024-08-08T18:22:03+08:00,OOOOOGDV,156544331943936,普通合約,BTCUSDT,多,20,57406.5,71762.8,0,54680.3,0.076038,219.12698533,219.12698533,0.87301467,0,0,已平倉,手動平倉,55691.8,-132.10074531,-60.05,0.84693851,2024-08-08T18:22:42+08:00
2024-08-08T18:20:11+08:00,OOOOOGDV,156075039510528,普通合約,BTCUSDT,多,20,57368.8,71706.4,0,54644.4,0.072629,209.16667269,209.16667269,0.83332731,0,0,已平倉,手動平倉,56215.8,-85.39183237,-40.67,0.81657893,2024-08-08T18:20:21+08:00
2024-08-08T18:18:29+08:00,OOOOOGDV,155648256643072,普通合約,BTCUSDT,多,20,57321.9,71652.1,0,54599.7,0.069227,199.20635575,199.20635575,0.79364425,0,0,已平倉,手動平倉,57306.9,-2.62852331,-1.32,0.79343596,2024-08-08T18:18:40+08:00
2024-08-08T17:08:37+08:00,OOOOOGDL,134723804975104,普通合約,BTCUSDT,多,50,57000,62700,0,55917.5,0.008599,9.9019714,9.9019714,0.0980286,0,0,已平倉,強制平倉,55917.5,-10,-100,0.09616684,2024-08-08T17:25:52+08:00
2024-08-08T17:08:37+08:00,OOOOOGDY,135402741305344,普通合約,BTCUSDT,多,10,57000,85500,0,51584.4,0.001747,9.9800842,9.9800842,0.0199158,6.67415756,-0.006569680000000001,持倉中,,0,0,0,0,1970-01-01T08:00:00+08:00
2024-08-08T17:08:37+08:00,OOOOOGDY,135415491842048,普通合約,BTCUSDT,多,10,57000,85500,0,51584.4,0.001747,9.9800842,9.9800842,0.0199158,6.67415756,-0.006569680000000001,持倉中,,0,0,0,0,1970-01-01T08:00:00+08:00
2024-08-08T17:08:37+08:00,OOOOOGDY,135420676001792,普通合約,BTCUSDT,多,10,57000,85500,0,51584.4,0.001747,9.9800842,9.9800842,0.0199158,6.67415756,-0.006569680000000001,持倉中,,0,0,0,0,1970-01-01T08:00:00+08:00
2024-08-08T17:08:37+08:00,OOOOOGDY,135427172978688,普通合約,BTCUSDT,多,10,57000,85500,0,51584.4,0.001747,9.9800842,9.9800842,0.0199158,6.67415756,-0.006569680000000001,持倉中,,0,0,0,0,1970-01-01T08:00:00+08:00
2024-08-08T17:08:37+08:00,OOOOOGDY,135433472823296,普通合約,BTCUSDT,多,10,57000,85500,0,51584.4,0.001747,9.9800842,9.9800842,0.0199158,6.67415756,-0.006569680000000001,持倉中,,0,0,0,0,1970-01-01T08:00:00+08:00
2024-08-08T17:08:37+08:00,OOOOOGDY,135439550369792,普通合約,BTCUSDT,多,10,57000,85500,0,51584.4,0.001747,9.9800842,9.9800842,0.0199158,6.67415756,-0.006569680000000001,持倉中,,0,0,0,0,1970-01-01T08:00:00+08:00
2024-08-08T17:04:33+08:00,OOOOOGDN,137041896132608,普通合約,TRXUSDT,空,249,0.12575,0.12323,0,0.12621,9003,4.77357521,4.77357521,0.22642479,0,0,已平倉,強制平倉,0.12621,-5,-100,0.22723875,2024-08-08T22:27:51+08:00
2024-08-08T17:04:00+08:00,OOOOOGDN,136903702204416,普通合約,ETHUSDT,空,200,2427.78,2367.09,0,2439.29,0.3813,4.81485805,4.81485805,0.18514195,0,0,已平倉,強制平倉,2439.29,-5,-100,0.18601975,2024-08-08T17:41:10+08:00
2024-08-08T17:01:43+08:00,OOOOOGDN,136329741209600,得勁合約,BTCUSDT,空,1000,57160.8,56992.3,0,57214.2,0.067286,5,5,0,0,0,已平倉,強制平倉,57214.2,-5,-100,1.15491389,2024-08-08T17:02:12+08:00
2024-08-08T17:01:40+08:00,OOOOOGDN,136318064119808,得勁合約,BTCUSDT,多,1000,57166.1,57337.6,0,57112.7,0.06728,5,5,0,0,0,已平倉,強制平倉,57112.7,-5,-100,1.15276114,2024-08-08T17:07:58+08:00
2024-08-08T16:58:30+08:00,OOOOOGDS,135520684986368,普通合約,BTCUSDT,空,10,57188,28594,0,62625.4,0.00087,4.9900493,4.9900493,0.0099507,0,0.00059269,已平倉,強制平倉,62625.4,-4.99940731,-99.99,0.01089682,2024-08-09T07:00:40+08:00
2024-08-08T16:58:26+08:00,OOOOOGDS,135504398651392,普通合約,BTCUSDT,多,10,57210.1,85813.4,0,51772.7,0.00087,4.99004544,4.99004544,0.00995456,3.14094522,-0.00327168,持倉中,,0,0,0,0,1970-01-01T08:00:00+08:00
2024-08-08T16:48:25+08:00,OOOOOGDC,132981235388416,普通合約,SOLUSDT,空,100,154.665,146.914,0,156.057,63.388,98.03922487,98.03922487,1.96077513,0,2.06414103,已平倉,強制平倉,156.057,-97.93585897,-97.94,0,2024-08-08T20:33:07+08:00
2024-08-08T16:47:28+08:00,OOOOOGDC,132743510626304,普通合約,SOLUSDT,多,100,154.511,162.205,0,153.121,63.451,98.03922718,98.03922718,1.96077282,0,0,已平倉,手動平倉,154.75,13.18793262,13.19,0,2024-08-08T16:48:49+08:00
2024-08-08T16:47:08+08:00,OOOOOGDC,132661369229312,普通合約,SOLUSDT,多,100,154.569,162.296,0,153.178,63.427,98.03923555,98.03923555,1.96076445,0,0,已平倉,手動平倉,154.621,1.33378025,1.34,0,2024-08-08T16:50:10+08:00
2024-08-08T16:46:40+08:00,OOOOOGDN,132542393602048,得勁合約,BTCUSDT,空,700,57288,57042.6,0,57364.9,0.050491,5,5,0,0,0,已平倉,手動平倉,57308.2,-1.89019319,-37.81,0.86806408,2024-08-08T16:49:18+08:00
2024-08-08T16:46:35+08:00,OOOOOGDN,132522978168832,得勁合約,BTCUSDT,多,600,57288.8,57574.8,0,57199,0.044378,5,5,0,0,0,已平倉,手動平倉,57247,-2.61908685,-52.39,0.76215126,2024-08-08T16:56:21+08:00
2024-08-08T16:46:00+08:00,OOOOOGDN,132375904899072,普通合約,BTCUSDT,空,10,57306.6,28651,0,73682.4,0.000869,4.99004012,14.99004012,0.00995988,0,0,已平倉,手動平倉,57247.4,0.03149737,0.63,0.0099496,2024-08-08T16:56:17+08:00
2024-08-08T16:45:57+08:00,OOOOOGDN,132360293699584,普通合約,BTCUSDT,多,10,57301.8,68762.2,55869.3,51858.1,0.000869,4.99004095,4.99004095,0.00995905,0,0,已平倉,手動平倉,57242.2,-0.07173805,-1.44,0.00994869,2024-08-08T16:56:02+08:00
2024-08-08T16:43:36+08:00,OOOOOGDX,131771078021120,得勁合約,SOLUSDT,多,1000,154.524,154.987,0,154.39,497.808,100,100,0,0,-3.33568898,已平倉,強制平倉,154.39,-103.33568898,-103.34,23.05682798,2024-08-08T17:01:33+08:00
2024-08-08T16:43:31+08:00,OOOOOGDX,131750311874560,得勁合約,SOLUSDT,空,1000,154.511,154.047,0,154.645,497.85,100,100,0,0,0,已平倉,強制平倉,154.645,-100,-100,23.0969981,2024-08-08T16:44:11+08:00
2024-08-08T16:42:56+08:00,OOOOOGDX,131603146330112,得勁合約,SOLUSDT,多,1000,154.659,155.1,0,154.524,4973.738,1000,1000,0,0,0,已平倉,強制平倉,154.524,-1000,-100,230.56843457,2024-08-08T16:43:30+08:00
2024-08-08T16:42:40+08:00,OOOOOGDX,131535035174912,普通合約,BTCUSDT,多,100,57300.3,60165,0,56756,1.710972,980.39216783,980.39216783,19.60783217,0,0,已平倉,手動平倉,57303.9,-13.52329459,-1.36,0,2024-08-08T16:43:17+08:00
2024-08-08T16:41:16+08:00,OOOOOGDX,131183657357312,普通合約,BTCUSDT,多,100,57316,60181.5,0,56772,0.016776,9.80769369,9.80769369,0.19230631,0,0,已平倉,手動平倉,57298.3,-0.68102676,-6.82,0.19224702,2024-08-08T16:42:31+08:00
2024-08-08T16:41:08+08:00,OOOOOGDX,131147879944192,普通合約,BTCUSDT,空,100,57319.8,54450.2,0,57863.7,0.016775,9.80769231,9.80769231,0.19230769,0,0,已平倉,手動平倉,57298.6,-0.02965007,-0.3,0.19223671,2024-08-08T16:42:31+08:00
2024-08-08T16:40:04+08:00,OOOOOGDX,130882183368704,普通合約,BTCUSDT,多,100,57262.5,60125.4,0,56719.1,1.679177,980.76923488,980.76923488,19.23076512,0,0,已平倉,手動平倉,57305.9,34.32680271,3.44,19.2453257,2024-08-08T16:42:05+08:00
2024-08-08T16:39:08+08:00,OOOOOGDX,130646824194048,得勁合約,BTCUSDT,多,1000,57286.1,57457.8,0,57232.6,13.427884,1000,1000,0,0,0,已平倉,手動平倉,57299.8,-47.44978915,-4.75,230.82423065,2024-08-08T16:39:36+08:00
2024-08-08T16:39:02+08:00,OOOOOGDX,130619737378816,得勁合約,BTCUSDT,空,1000,57282.6,57111,0,57336.1,13.428715,1000,1000,0,0,0,已平倉,手動平倉,57272.1,-90.3119402,-9.04,230.72709897,2024-08-08T16:40:11+08:00
2024-08-08T16:35:50+08:00,OOOOOOOK,129816540598272,得勁合約,BTCUSDT,多,1000,57249.7,57421.1,0,57196.2,13.436422,1000,1000,0,0,0,已平倉,手動平倉,57259.8,-95.68676267,-9.57,230.8097616,2024-08-08T16:36:16+08:00
2024-08-08T16:34:51+08:00,OOOOOOOK,129567499603968,得勁合約,BTCUSDT,空,1000,57236,57064.4,0,57289.5,13.439648,1000,1000,0,0,0,已平倉,手動平倉,57246.9,-377.88943599,-37.79,230.81334159,2024-08-08T16:35:58+08:00
2024-08-08T16:34:41+08:00,OOOOOOOK,129525065830400,得勁合約,BTCUSDT,多,1000,57236.3,57408.6,0,57182.8,13.439568,1000,1000,0,0,0,已平倉,手動平倉,57241.8,-157.45734008,-15.75,230.79122988,2024-08-08T16:35:02+08:00
2024-08-08T16:34:09+08:00,OOOOOOOK,129393972858880,得勁合約,BTCUSDT,多,1000,57208.9,57380.3,0,57155.4,13.446004,1000,1000,0,0,0,已平倉,手動平倉,57217.6,-114.40583201,-11.45,230.80413451,2024-08-08T16:34:19+08:00
2024-08-08T14:17:15+08:00,OOOOOGDB,94941280325632,普通合約,BTCUSDT,多,10,56955.1,85432.4,0,51542.6,0.001748,9.9800885,9.9800885,0.0199115,6.75651404,-0.00657343,持倉中,,0,0,0,0,1970-01-01T08:00:00+08:00
2024-08-08T11:51:17+08:00,OOOOOGDQ,58206836232192,普通合約,BTCUSDT,空,100,57254.9,54393.5,0,57798.2,0.16794,98.07692482,98.07692482,1.92307518,0,0,已平倉,手動平倉,56936.3,49.66308358,49.67,1.91237547,2024-08-08T14:14:29+08:00
2024-08-08T11:51:01+08:00,OOOOOGDQ,58138330517504,得勁合約,BTCUSDT,多,1000,57220.2,57384.4,0,57166.7,0.067216,5,5,0,0,0,已平倉,強制平倉,57166.7,-5,-100,1.15275447,2024-08-08T11:53:28+08:00
2024-08-08T11:48:37+08:00,OOOOOGDO,57533134393344,得勁合約,BTCUSDT,空,1000,57254.4,57073.4,0,57307.9,0.067176,5,5,0,0,0,已平倉,止盈平倉,57073.4,10.3366602,206.74,1.81737501,2024-08-08T11:59:24+08:00
2024-08-08T11:48:31+08:00,OOOOOGDO,57509239590912,得勁合約,BTCUSDT,多,1000,57239.3,57410.8,0,57185.8,0.067194,5,5,0,0,0,已平倉,強制平倉,57185.8,-5,-100,1.15276184,2024-08-08T11:50:57+08:00
2024-08-08T11:33:51+08:00,OOOOOGDO,53817811521536,普通合約,BTCUSDT,多,120,57486.4,58929.3,0,57031.9,0.009959,4.88549864,4.88549864,0.11450136,0,0,已平倉,手動平倉,57245.6,-2.62709035,-52.55,0.11402165,2024-08-08T11:48:20+08:00
2024-08-08T11:24:46+08:00,OOOOOGDO,51533404819456,得勁合約,BTCUSDT,多,1000,57467,57632.1,0,57413.3,0.066928,5,5,0,0,0,已平倉,手動平倉,57451.7,-2.18053058,-43.62,1.15353677,2024-08-08T11:31:41+08:00
2024-08-08T11:24:33+08:00,OOOOOGDO,51480338485248,普通合約,BTCUSDT,空,120,57476.6,56039.7,57716.1,57931.1,0.00996,4.88550675,4.88550675,0.11449325,0,0,已平倉,手動平倉,57451.1,0.02459817,0.5,0.11444254,2024-08-08T11:32:17+08:00
2024-08-08T11:24:21+08:00,OOOOOGDO,51426563313664,普通合約,BTCUSDT,多,10,57468.1,86178.8,0,41035.6,0.000866,4.99004652,14.99004652,0.00995348,0,0,已平倉,手動平倉,57450.8,-0.0349245,-0.7,0.00995047,2024-08-08T11:32:17+08:00
2024-08-08T11:01:54+08:00,OOOOOGAF,45776760475648,普通合約,BTCUSDT,多,499,57380.4,57955.1,0,57271.8,0.086992,11.00167333,11.00167333,0.99832667,0,0,已平倉,強制平倉,57271.8,-12,-100,0.99643602,2024-08-08T11:39:54+08:00
2024-08-08T10:59:48+08:00,OOOOOOOK,45248508858368,得勁合約,BTCUSDT,多,1000,57333.1,57361.5,0,57279.5,1.341687,100,100,0,0,0,已平倉,止盈平倉,57361.5,15.05312612,15.06,23.08835366,2024-08-08T11:00:05+08:00
2024-08-08T10:59:35+08:00,OOOOOOOK,45195174088704,得勁合約,BTCUSDT,空,1000,57328.1,57299.7,0,57381.7,1.341805,100,100,0,0,0,已平倉,強制平倉,57381.7,-100,-100,23.09848732,2024-08-08T11:00:23+08:00
2024-08-08T10:58:09+08:00,OOOOOOOK,44835739013120,得勁合約,BTCUSDT,空,1000,57326.3,57154.4,57332.1,57379.9,1.341847,100,100,0,0,0,已平倉,止損平倉,57332.1,-30.95856959,-30.96,23.07927192,2024-08-08T10:58:18+08:00
2024-08-08T10:57:59+08:00,OOOOOOOK,44793690968064,得勁合約,BTCUSDT,多,1000,57320.6,57492.4,57314.7,57267,1.34198,100,100,0,0,0,已平倉,止損平倉,57314.7,-30.95460883,-30.96,23.07455434,2024-08-08T10:58:29+08:00
2024-08-08T10:57:38+08:00,OOOOOOOK,44705522651136,得勁合約,BTCUSDT,空,1000,57312.8,57284.2,0,57366.4,0.134216,10,10,0,0,0,已平倉,手動平倉,57323.4,-3.7366969,-37.37,2.30811411,2024-08-08T10:59:22+08:00
2024-08-08T10:57:28+08:00,OOOOOOOK,44660823953408,得勁合約,BTCUSDT,多,1000,57324.2,57352.8,0,57270.6,0.134189,10,10,0,0,0,已平倉,手動平倉,57323.1,-2.46114032,-24.62,2.30763595,2024-08-08T10:59:22+08:00
2024-08-08T10:55:01+08:00,OOOOOGAF,44047667040256,普通合約,BTCUSDT,多,499,57348.7,57923,0,57240.1,0.319148,40.3394572,40.3394572,3.6605428,0,0,已平倉,強制平倉,57240.1,-44,-100,3.65361041,2024-08-08T11:40:25+08:00
2024-08-08T10:55:00+08:00,OOOOOGAF,44040880656384,普通合約,BTCUSDT,多,499,57332.2,57902.4,0,57223.6,0.232175,29.33778059,29.33778059,2.66221941,0,0,已平倉,強制平倉,57223.6,-32,-100,2.65717768,2024-08-08T11:40:36+08:00
2024-08-08T10:54:58+08:00,OOOOOGAF,44033838272512,普通合約,BTCUSDT,多,499,57333.6,57907.9,0,57225,0.087063,11.00167344,11.00167344,0.99832656,0,0,已平倉,強制平倉,57225,-12,-100,0.99643591,2024-08-08T11:40:36+08:00
2024-08-08T10:54:52+08:00,OOOOOGAF,44010006384640,普通合約,BTCUSDT,多,499,57316.1,57890.3,0,57207.6,0.08709,11.00166865,11.00166865,0.99833135,0,0,已平倉,強制平倉,57207.6,-12,-100,0.9964407,2024-08-08T11:40:44+08:00
2024-08-08T10:54:29+08:00,OOOOOOOK,43912924876800,得勁合約,BTCUSDT,多,1000,57312.2,57483.9,0,57258.6,1.342176,100,100,0,0,0,已平倉,手動平倉,57308.9,-27.56361275,-27.57,23.07556009,2024-08-08T10:54:37+08:00
2024-08-08T10:47:09+08:00,OOOOOOOK,42068123324416,普通合約,BTCUSDT,多,1,57208.5,343260,0,2851.9,0.001747,99.98001136,99.98001136,0.01998864,0,0,已平倉,手動平倉,57340,0.18964916,0.19,0.02003458,2024-08-08T10:51:57+08:00
2024-08-08T10:45:42+08:00,OOOOOOOK,41703784960000,得勁合約,BTCUSDT,多,1000,57234.9,57406.5,0,57181.4,1.343989,100,100,0,0,0,已平倉,手動平倉,57308.9,76.28981592,76.29,23.10673036,2024-08-08T10:54:37+08:00
2024-08-08T10:45:39+08:00,OOOOOOOK,41687385378816,得勁合約,BTCUSDT,多,1000,57244.8,57416.2,0,57191.3,1.343757,100,100,0,0,0,已平倉,手動平倉,57308.9,62.97341252,62.98,23.10274167,2024-08-08T10:54:37+08:00
2024-08-08T10:45:10+08:00,OOOOOOOK,41567969202176,得勁合約,BTCUSDT,多,1000,57252.4,57422.5,0,57198.9,1.343578,100,100,0,0,0,已平倉,手動平倉,57308.9,52.75380048,52.76,23.09966419,2024-08-08T10:54:37+08:00
2024-08-07T15:12:55+08:00,OOOOOFHC,108947815116800,得勁合約,BTCUSDT,多,1000,56818.3,56990.4,0,56765.2,0.067692,5,5,0,0,0,已平倉,手動平倉,56812,-1.58294151,-31.66,1.15371395,2024-08-07T15:12:59+08:00
2024-08-07T14:28:40+08:00,OOOOOGAI,1547362675838976,得勁合約,BTCUSDT,多,1000,56870.2,170617.8,0,56817,4.078114,301.5,301.5,0,0,0,已平倉,強制平倉,56817,-301.5,-100,69.51185726,2024-08-07T14:30:10+08:00
2024-08-07T14:28:12+08:00,OOOOOGAA,1547245524733952,得勁合約,BTCUSDT,多,1000,56863.7,170602.2,0,56810.6,4.07858,301.5,301.5,0,0,0,已平倉,強制平倉,56810.6,-301.5,-100,69.51185446,2024-08-07T14:34:19+08:00
2024-08-07T14:27:59+08:00,OOOOOGAH,1547191736979456,得勁合約,BTCUSDT,多,1000,56849.1,170547.9,0,56796,4.079628,301.5,301.5,0,0,0,已平倉,強制平倉,56796,-301.5,-100,69.51186357,2024-08-07T14:36:55+08:00
2024-08-07T14:27:29+08:00,OOOOOGAL,1547066633633792,得勁合約,BTCUSDT,多,1000,56808.5,170424.6,0,56755.4,4.082543,301.5,301.5,0,0,0,已平倉,強制平倉,56755.4,-301.5,-100,69.51185256,2024-08-07T14:45:43+08:00
2024-08-07T14:27:06+08:00,OOOOOGAR,1546969732468736,得勁合約,BTCUSDT,多,1000,56823,170468.4,0,56769.9,4.081502,301.5,301.5,0,0,0,已平倉,強制平倉,56769.9,-301.5,-100,69.51186586,2024-08-07T14:37:18+08:00
2024-08-07T14:26:55+08:00,OOOOOGAN,1546924614340608,得勁合約,BTCUSDT,多,1000,56811.3,170442.3,0,56758.2,4.082342,301.5,301.5,0,0,0,已平倉,強制平倉,56758.2,-301.5,-100,69.51185619,2024-08-07T14:45:43+08:00
2024-08-07T14:26:45+08:00,OOOOOGAG,1546881790656512,得勁合約,BTCUSDT,多,1000,56803.9,170413.8,0,56750.8,4.082874,301.5,301.5,0,0,0,已平倉,強制平倉,56750.8,-301.5,-100,69.51185926,2024-08-07T14:45:44+08:00
2024-08-06T18:12:13+08:00,OOOOOKPM,1241235362795520,得勁合約,BTCUSDT,空,1000,55190.4,55016.4,32323233,55242,4.780658,343,343,0,0,0,已平倉,止盈平倉,55016.4,707.18349848,206.18,124.3375186,2024-08-06T18:16:29+08:00
2024-08-06T11:41:05+08:00,OOOOOFHC,1139553211633664,普通合約,BTCUSDT,多,100,55666,58449.3,0,55137.7,0.008636,4.90385368,4.90385368,0.09614632,0,0.01375375,已平倉,強制平倉,55137.7,-4.98624625,-99.73,0.09523382,2024-08-06T16:34:27+08:00
2024-08-06T11:28:44+08:00,OOOOOFHC,1139613668331520,普通合約,BTCUSDT,空,100,55691.2,52906.6,0,56219.8,0.008632,4.90385471,4.90385471,0.09614529,0,-0.01374737,已平倉,強制平倉,56219.8,-5.01374737,-100.28,0.0970578,2024-08-06T22:10:55+08:00
2024-08-06T11:26:56+08:00,OOOOOFHC,1139241012969472,普通合約,BTCUSDT,空,100,55745.9,52958.7,0,56274.9,0.008624,4.90384958,4.90384958,0.09615042,0,0,已平倉,手動平倉,55704.6,0.16364529,3.28,0.09607924,2024-08-06T11:27:30+08:00
2024-08-06T11:26:54+08:00,OOOOOFHC,1139219357777920,普通合約,BTCUSDT,多,100,55748.2,58535.6,0,55219.1,0.008623,4.90385665,4.90385665,0.09614335,0,0,已平倉,手動平倉,55704.3,-0.57133929,-11.43,0.09606753,2024-08-06T11:27:30+08:00
2024-08-04T03:28:44+08:00,OOOOOGAJ,153646396411904,普通合約,BTCUSDT,多,10,60000,90000,0,54300.6,0.00083,4.99004,4.99004,0.00996,0,-0.0126158,已平倉,強制平倉,54300.6,-5.0126158,-100.26,0.00901389,2024-08-05T09:10:32+08:00
2024-08-02T19:38:38+08:00,OOOOOGAF,175818057781248,得勁合約,BTCUSDT,多,1000,64685,64883,0,64624.6,11.89195,1000,1000,0,0,0,已平倉,手動平倉,64683.1,-254.40455515,-25.45,230.76212179,2024-08-02T19:38:41+08:00
2024-08-02T18:20:13+08:00,OOOOOGAV,156085291913216,普通合約,BTCUSDT,多,10,64418.2,96627.2,0,58298.9,0.015461,99.80080606,99.80080606,0.19919394,0,-0.56131188,已平倉,強制平倉,58298.9,-100.56131188,-100.57,0.18027163,2024-08-05T01:10:56+08:00
2024-08-02T18:10:22+08:00,OOOOOGAJ,153605791354880,普通合約,BTCUSDT,空,10,64372,32186.1,0,70491.7,0.000773,4.9900481,4.9900481,0.0099519,2.74535076,0.016129789999999998,持倉中,,0,0,0,0,1970-01-01T08:00:00+08:00
2024-08-02T18:10:15+08:00,OOOOOGAJ,153576636747776,普通合約,BTCUSDT,多,10,64378.2,96558.2,0,58258.5,0.000773,4.99004713,4.99004713,0.00995287,0,-0.02806381,已平倉,強制平倉,58258.5,-5.02806381,-100.57,0.00900676,2024-08-05T01:11:00+08:00
2024-08-02T18:05:37+08:00,OOOOOGAJ,152410645401600,普通合約,BTCUSDT,空,10,64439,32219.6,0,70560.3,0.015456,99.80080645,99.80080645,0.19919355,0,0,已平倉,手動平倉,64383.9,0.45207209,0.46,0.1990235,2024-08-02T18:09:22+08:00
2024-08-02T18:05:28+08:00,OOOOOGAJ,152370975674368,普通合約,BTCUSDT,多,10,64426.9,96640.1,0,58306.8,0.015459,99.80080493,99.80080493,0.19919507,0,0,已平倉,手動平倉,64375.6,-1.19261373,-1.2,0.1990362,2024-08-02T18:09:25+08:00
2024-08-02T17:17:15+08:00,OOOOOKPT,140240306491392,得勁合約,BTCUSDT,多,1000,64426.1,64619.1,0,64365.9,11.939739,1000,1000,0,0,0,已平倉,手動平倉,64421.1,-291.4829775,-29.15,230.75100197,2024-08-02T17:17:26+08:00
2024-08-02T17:00:49+08:00,OOOOOGAO,136103423610880,普通合約,BTCUSDT,空,100,64532.5,61306.1,0,65144.9,0.149,98.07693428,98.07693428,1.92306572,0,0,已平倉,強制平倉,65144.9,-100,-100,1.94131572,2024-08-02T21:32:59+08:00
2024-08-02T16:58:24+08:00,OOOOOGAO,135493491019776,普通合約,BTCUSDT,多,100,64492.2,67716.6,0,63880.2,0.149093,98.07693307,98.07693307,1.92306693,0,0,已平倉,強制平倉,63880.2,-100,-100,1.90481692,2024-08-02T22:44:05+08:00
2024-08-02T16:38:35+08:00,OOOOOKPE,130506326249472,得勁合約,BTCUSDT,多,1000,64367.1,64560.1,0,64307,1.195068,100,100,0,0,0,已平倉,手動平倉,64367.1,0,0,0,2024-08-02T16:42:15+08:00
2024-08-02T16:37:29+08:00,OOOOOKPT,130231641280512,普通合約,BTCUSDT,空,100,64357.9,61134.6,0,64968.6,0.00747,4.90384943,4.90384943,0.09615057,0,0,已平倉,手動平倉,64402.9,-0.52916302,-10.59,0.09621793,2024-08-02T16:47:32+08:00
2024-08-02T16:37:27+08:00,OOOOOKPT,130220940513280,普通合約,BTCUSDT,多,100,64352.3,67569.8,0,63741.6,0.00747,4.90385767,4.90385767,0.09614233,0,0,已平倉,手動平倉,64385.3,0.05353216,1.08,0.0961915,2024-08-02T16:47:41+08:00
2024-08-02T16:34:55+08:00,OOOOOKPE,129583243825152,得勁合約,BTCUSDT,多,1000,64376.7,64569.6,0,64316.6,1.19489,100,100,0,0,0,已平倉,強制平倉,64316.6,-100,-100,23.05534314,2024-08-02T16:38:16+08:00
2024-08-02T16:32:49+08:00,OOOOOKPE,129058224918528,得勁合約,BTCUSDT,空,1000,64335.2,64142.3,0,64395.3,1.195662,100,100,0,0,0,已平倉,強制平倉,64395.3,-100,-100,23.09848974,2024-08-02T16:35:33+08:00
2024-08-02T16:25:26+08:00,OOOOOKPE,127198004957184,得勁合約,BTCUSDT,多,1000,64190.5,64381.8,0,64130.5,1.198356,100,100,0,0,0,已平倉,止盈平倉,64381.8,194.76346248,194.77,34.49094302,2024-08-02T16:34:16+08:00
2024-08-02T16:20:59+08:00,OOOOOKPE,126077601501184,得勁合約,BTCUSDT,多,1000,64056.6,64248.6,0,63996.7,1.200861,100,100,0,0,0,已平倉,手動平倉,64049.9,-31.22149923,-31.23,23.0744749,2024-08-02T16:21:05+08:00
2024-08-02T16:15:59+08:00,OOOOOFHC,124821856243712,得勁合約,BTCUSDT,多,1000,64070.9,64263,0,64011,12.005931,1000,1000,0,0,0,已平倉,手動平倉,64070.9,0,0,0,2024-08-02T16:16:43+08:00
2024-08-02T16:09:39+08:00,OOOOOFHC,123228280770560,得勁合約,BTCUSDT,空,1000,64289.7,64096.9,0,64349.8,0.059825,5,5,0,0,0,已平倉,手動平倉,64210.3,3.59257575,71.86,1.15241423,2024-08-02T16:11:05+08:00
2024-08-02T16:09:36+08:00,OOOOOFHC,123215812202496,得勁合約,BTCUSDT,多,1000,64290.1,64482.8,0,64230,0.059824,5,5,0,0,0,已平倉,強制平倉,64230,-5,-100,1.15274831,2024-08-02T16:10:57+08:00
2024-08-02T16:05:43+08:00,OOOOOFHC,122238236282880,得勁合約,BTCUSDT,多,1000,64135.4,64328.4,0,64075.5,11.993857,1000,1000,0,0,0,已平倉,手動平倉,64135.4,0,0,0,2024-08-02T16:06:59+08:00
2024-08-02T16:00:47+08:00,OOOOOFHC,120993872084992,普通合約,BTCUSDT,多,1,64172.6,385035,0,3206.4,0.015576,999.80008953,999.80008953,0.19991047,0,0,已平倉,手動平倉,64172.6,-0.19991047,-0.02,0,2024-08-02T16:05:08+08:00
2024-08-02T15:59:53+08:00,OOOOOFHC,120769577484288,普通合約,BTCUSDT,多,1,64155.5,384931.8,0,3205,0.01558,999.80009148,999.80009148,0.19990852,0,-0.09992981,已平倉,手動平倉,64163,-0.38424356,-0.04,0.19993162,2024-08-02T16:00:37+08:00
2024-08-02T15:58:53+08:00,OOOOOFHC,120515679485952,得勁合約,BTCUSDT,空,1000,64187,63994.6,0,64247,0.059921,5,5,0,0,0.3843321,已平倉,手動平倉,64172.2,0.11248639,2.25,1.15357859,2024-08-02T16:00:43+08:00
2024-08-02T15:58:51+08:00,OOOOOFHC,120506456211456,得勁合約,BTCUSDT,多,1000,64187.4,64379.7,0,64127.4,0.05992,5,5,0,0,0,已平倉,強制平倉,64127.4,-5,-100,1.15275372,2024-08-02T15:59:14+08:00
2024-08-02T15:58:22+08:00,OOOOOFHC,120388160061440,得勁合約,BTCUSDT,空,1000,64139,63952.4,0,64198.9,0.059966,5,5,0,0,0,已平倉,手動平倉,64198.7,-4.73998972,-94.8,1.15492165,2024-08-02T15:58:26+08:00
2024-08-02T15:58:18+08:00,OOOOOFHC,120370662051840,得勁合約,BTCUSDT,多,1000,64125.2,64323.9,0,64065.3,0.059978,5,5,0,0,0,已平倉,手動平倉,64190.1,2.73248085,54.65,1.15499648,2024-08-02T15:58:29+08:00
2024-08-02T15:26:38+08:00,OOOOOFHC,474786783399936,得勁合約,SOLUSDT,空,1000,161.425,160.941,0,161.565,23.826,5,5,0,0,0,已平倉,強制平倉,161.565,-5,-100,1.15483401,2024-08-02T15:27:02+08:00
2024-08-02T15:26:13+08:00,OOOOOFHC,474685365129216,得勁合約,SOLUSDT,多,1000,161.459,161.899,0,161.319,23.821,5,5,0,0,0,已平倉,止盈平倉,161.899,8.91517206,178.31,1.57835052,2024-08-02T15:35:34+08:00
2024-08-02T12:08:41+08:00,OOOOOFHC,424971210952704,普通合約,SOLUSDT,多,1,164.049,984.288,0,16.085,0.304,49.99002585,49.99002585,0.00997415,0,-0.00502275,已平倉,手動平倉,163.352,-0.23681127,-0.48,0.00993178,2024-08-02T13:41:30+08:00
2024-08-02T11:59:26+08:00,OOOOOFHC,422646647984128,普通合約,SOLUSDT,多,1,164.403,200,0,16.439,0.608,99.98000865,99.98000865,0.01999135,0,-0.020033790000000003,已平倉,手動平倉,163.331,-0.711651920000000003,-0.72,0.019861,2024-08-02T13:41:31+08:00
2024-08-02T11:57:20+08:00,OOOOOFHC,422115602960384,普通合約,SOLUSDT,空,1,164.469,162.069,163.369,312.677,0.607,99.98003352,99.98003352,0.01996648,0,0.029857549999999997,已平倉,止盈平倉,162.069,1.446716389999999997,1.45,0.01967518,2024-08-02T14:00:46+08:00
2024-08-02T11:56:54+08:00,OOOOOFHC,422007675129856,普通合約,SOLUSDT,多,1,164.425,986.544,0,16.217,0.607,99.98003886,99.98003886,0.01996114,0,-0.02000084,已平倉,手動平倉,163.278,-0.75600262,-0.76,0.01982189,2024-08-02T13:41:33+08:00
2024-08-02T11:52:21+08:00,OOOOOFHC,420862396899328,得勁合約,SOLUSDT,多,1000,164.332,170.332,164.461,164.189,4680.969,1000,1000,0,0,0,已平倉,止損平倉,164.461,375.26719946,37.53,230.95105282,2024-08-02T11:56:07+08:00
2024-08-02T11:52:12+08:00,OOOOOFHC,420824919150592,得勁合約,SOLUSDT,空,1000,164.345,163.852,0,164.488,4680.599,1000,1000,0,0,0,已平倉,強制平倉,164.488,-1000,-100,230.96998973,2024-08-02T11:53:47+08:00
2024-08-02T11:51:50+08:00,OOOOOFHC,420731071598592,得勁合約,SOLUSDT,空,1000,164.158,163.666,0,164.301,46.859,10,10,0,0,0,已平倉,強制平倉,164.301,-10,-100,2.3096847,2024-08-02T11:52:06+08:00
2024-08-02T11:51:46+08:00,OOOOOFHC,420717335252992,得勁合約,SOLUSDT,多,1000,164.175,164.667,0,164.032,46.854,10,10,0,0,0,已平倉,手動平倉,164.309,3.96956415,39.7,2.30955324,2024-08-02T11:52:08+08:00
2024-08-02T11:36:40+08:00,OOOOOFHC,416913761673216,普通合約,BTCUSDT,多,1,64495.6,386971.8,0,3151.3,0.000774,49.99001608,49.99001608,0.00998392,0,0,已平倉,手動平倉,64444.5,-0.05957851,-0.12,0.009976,2024-08-02T11:51:34+08:00
2024-08-02T11:35:21+08:00,OOOOOOOG,416582389043200,得勁合約,BTCUSDT,多,1000,64492.9,66000,0,64432.6,1.192737,100,100,0,0,0,已平倉,強制平倉,64432.6,-100,-100,23.05534117,2024-08-02T11:38:44+08:00
2024-08-02T11:34:32+08:00,OOOOOOOG,416379678330880,得勁合約,BTCUSDT,多,1000,64508.8,66000,0,64448.5,0.059622,5,5,0,0,0,已平倉,強制平倉,64448.5,-5,-100,1.15276414,2024-08-02T11:38:36+08:00
2024-08-02T11:32:47+08:00,OOOOOOOG,415940102688768,得勁合約,BTCUSDT,多,1000,64543.1,80000,0,64482.8,0.05959,5,5,0,0,0,已平倉,強制平倉,64482.8,-5,-100,1.15275804,2024-08-02T11:34:50+08:00
2024-08-02T11:03:05+08:00,OOOOOFHH,408462356553728,得勁合約,BTCUSDT,多,1000,64309.8,64407,64350.5,64249.7,0.059806,5,5,0,0,0,已平倉,止盈平倉,64407,4.65798858,93.16,1.15557752,2024-08-02T11:07:07+08:00
2024-08-02T11:00:27+08:00,OOOOOKPI,407800174972928,得勁合約,BTCUSDT,空,1000,64320.7,64127.7,64300,64380.8,0.059796,5,5,0,0,0,已平倉,止損平倉,64300,0.07875358,1.58,1.15346484,2024-08-02T11:02:52+08:00
2024-08-02T11:00:18+08:00,OOOOOFHH,407764674383872,得勁合約,BTCUSDT,多,1000,64320.9,65000.5,63000.5,64260.8,0.059796,5,5,0,0,0,已平倉,強制平倉,64260.8,-5,-100,1.15276079,2024-08-02T11:02:03+08:00
2024-08-02T10:57:34+08:00,OOOOOFHH,407075940306944,得勁合約,BTCUSDT,空,1000,64308.9,64116,64357.1,64369,0.059807,5,5,0,0,0,已平倉,止損平倉,64357.1,-4.04295661,-80.86,1.15470153,2024-08-02T11:06:32+08:00
2024-08-02T10:55:58+08:00,OOOOOFHH,406673443954688,得勁合約,BTCUSDT,空,1000,64235,64200.5,64400.5,64295,0.059876,5,5,0,0,0,已平倉,強制平倉,64295,-5,-100,1.15491765,2024-08-02T10:56:37+08:00
2024-08-02T10:50:24+08:00,OOOOOKPI,405274467409920,得勁合約,BTCUSDT,空,1000,64257.5,64062.4,0,64317.5,0.059855,5,5,0,0,0,已平倉,強制平倉,64317.5,-5,-100,1.15491699,2024-08-02T10:57:10+08:00
2024-08-02T10:42:27+08:00,OOOOOFHC,403273111670784,得勁合約,BTCUSDT,多,1000,64077.1,64269.1,0,64017.2,0.060023,5,5,0,0,0,已平倉,止盈平倉,64269.1,9.7909574,195.82,1.73392493,2024-08-02T10:47:44+08:00
2024-08-02T10:41:11+08:00,OOOOOFHH,402953658343424,得勁合約,BTCUSDT,空,1000,64040.5,63900.5,64100.5,64100.3,0.060058,5,5,0,0,0,已平倉,止損平倉,64100.5,-4.763937,-95.28,1.15492435,2024-08-02T10:42:35+08:00
2024-08-02T10:36:29+08:00,OOOOOOOG,401771716059136,得勁合約,BTCUSDT,空,1000,63833.8,0,0,63893.4,0.060252,5,5,0,0,0,已平倉,強制平倉,63893.4,-5,-100,1.15491144,2024-08-02T10:39:20+08:00
2024-08-02T10:36:16+08:00,OOOOOOOG,401714214703104,得勁合約,BTCUSDT,多,1000,63800.2,0,0,63740.6,0.060284,5,5,0,0,-0.38666038,已平倉,強制平倉,63740.6,-5.38666038,-107.74,1.15276038,2024-08-02T22:52:50+08:00
2024-08-02T10:33:54+08:00,OOOOOFHC,401118455762944,得勁合約,BTCUSDT,空,1000,63699.1,63508.9,63715,63758.6,0.603801,50,50,0,0,0,已平倉,止損平倉,63715,-21.19679494,-42.4,11.54135422,2024-08-02T10:34:47+08:00
2024-08-02T10:30:26+08:00,OOOOOFHC,400247282044928,得勁合約,BTCUSDT,空,1000,63908,63716.4,63940,63967.7,0.060182,5,5,0,0,0,已平倉,止盈平倉,63716.4,9.80170715,196.04,1.72364389,2024-08-02T10:33:45+08:00
2024-08-02T10:30:16+08:00,OOOOOFHC,400207639126016,得勁合約,BTCUSDT,多,1000,63942.6,64134.2,0,63882.9,0.06015,5,5,0,0,0,已平倉,手動平倉,63903.9,-3.48597411,-69.72,1.15314423,2024-08-02T10:30:22+08:00
2024-08-02T09:53:52+08:00,OOOOOKPM,391046069587968,得勁合約,BTCUSDT,多,1000,64770.2,64961.6,0,64709.7,0.261278,22,22,0,0,0,已平倉,強制平倉,64709.7,-22,-100,5.07216113,2024-08-02T09:55:41+08:00
2024-08-02T09:53:43+08:00,OOOOOKPM,391008429903872,得勁合約,BTCUSDT,空,1000,64767.3,64580.3,0,64827.8,0.26129,22,22,0,0,0,已平倉,止盈平倉,64580.3,41.53209188,188.79,7.30449789,2024-08-02T10:19:11+08:00
2024-08-02T09:53:31+08:00,OOOOOKPM,390956426371072,得勁合約,BTCUSDT,多,1000,64785,64979.2,0,64724.5,0.261219,22,22,0,0,0,已平倉,強制平倉,64724.5,-22,-100,5.07217451,2024-08-02T09:55:35+08:00
2024-08-01T17:21:39+08:00,OOOOOFHC,141346772525056,得勁合約,ETHUSDT,多,1000,3191.52,3201.08,0,3188.54,1.2051,5,5,0,0,0,已平倉,手動平倉,3191.99,-0.59862696,-11.98,1.15399669,2024-08-01T17:21:42+08:00
2024-08-01T17:14:11+08:00,OOOOOFHC,139467659776000,得勁合約,BTCUSDT,多,1000,64621.2,64807.9,0,64560.8,0.059518,5,5,0,0,0,已平倉,強制平倉,64560.8,-5,-100,1.15275842,2024-08-01T17:17:49+08:00
2024-08-01T17:12:49+08:00,OOOOOFHC,139123346808832,得勁合約,BTCUSDT,多,1000,64644.2,64836,0,64583.8,0.059497,5,5,0,0,0,已平倉,強制平倉,64583.8,-5,-100,1.15276184,2024-08-01T17:16:44+08:00
2024-08-01T17:12:09+08:00,OOOOOFHC,138955033583616,得勁合約,BTCUSDT,多,1000,64622.7,64816.4,0,64562.3,0.059517,5,5,0,0,0,已平倉,手動平倉,64639.8,-0.14163256,-2.84,1.15414842,2024-08-01T17:12:32+08:00
2024-08-01T17:06:01+08:00,OOOOOFHC,137411821670400,得勁合約,BTCUSDT,多,1000,64500.2,64693.5,0,64439.9,0.05963,5,5,0,0,0,已平倉,手動平倉,64508.2,-0.68213482,-13.65,1.15398552,2024-08-01T17:07:08+08:00
2024-08-01T16:52:11+08:00,OOOOOFHX,133929133318144,得勁合約,BTCUSDT,空,1000,64412.4,64373.9,64417,64472.6,0.059711,5,5,0,0,0,已平倉,止損平倉,64417,-1.43415895,-28.69,1.15392105,2024-08-01T16:52:16+08:00
2024-08-01T16:45:28+08:00,OOOOOFHX,132241738010624,得勁合約,BTCUSDT,空,1000,64460.3,64267.1,64460564459.9,64520.5,0.059667,5,5,0,0,0,已平倉,手動平倉,64445.8,-0.29358886,-5.88,1.15358615,2024-08-01T16:45:42+08:00
2024-08-01T16:44:27+08:00,OOOOOFHX,131985933246464,得勁合約,BTCUSDT,空,1000,64470.9,64277.6,64664.4,64531.1,0.059657,5,5,0,0,0,已平倉,手動平倉,64505.1,-3.19990935,-64,1.15445411,2024-08-01T16:44:39+08:00
2024-08-01T16:39:39+08:00,OOOOOFHX,130778257264640,普通合約,BTCUSDT,空,100,64493.3,61268.4,64654.2,65105.3,1.490914,980.76923509,980.76923509,19.23076491,0,0,已平倉,手動平倉,64520.2,-78.70493294,-7.88,19.23881198,2024-08-01T16:40:11+08:00
2024-08-01T16:38:28+08:00,OOOOOFHX,130476321902592,普通合約,BTCUSDT,空,100,64496.9,61272.1,64561.4,65108.9,0.014908,9.80769632,9.80769632,0.19230368,0,0,已平倉,手動平倉,64493.3,-0.33222465,-3.33,0.19229321,2024-08-01T16:39:16+08:00
2024-08-01T16:35:21+08:00,OOOOOFHX,129694450753536,得勁合約,BTCUSDT,空,1000,64475,64281.7,99998.9,64535.2,0.119307,10,10,0,0,0,已平倉,手動平倉,64480.7,-2.99831314,-29.99,2.30789943,2024-08-01T16:35:38+08:00
2024-08-01T16:34:41+08:00,OOOOOFHX,129527247376384,普通合約,BTCUSDT,空,10,64443.7,45109.5,120249,70567.4,0.001545,9.98008692,9.98008692,0.01991308,0,0,已平倉,手動平倉,64472.7,-0.08477417,-0.85,0.01992207,2024-08-01T16:35:40+08:00
2024-08-01T16:32:46+08:00,OOOOOFHX,129043100508160,普通合約,BTCUSDT,空,100,64408.9,61188.6,64415.5,65020.1,0.014928,9.80770106,9.80770106,0.19229894,0,0,已平倉,止損平倉,64415.5,-0.48453435,-4.85,0.19231892,2024-08-01T16:33:13+08:00
2024-08-01T16:31:17+08:00,OOOOOFHX,128672651190272,得勁合約,BTCUSDT,空,1000,64408,64405.4,64408.6,64468.2,1.194311,100,100,0,0,0,已平倉,止損平倉,64408.6,-23.90509525,-23.91,23.07716985,2024-08-01T16:31:33+08:00
2024-08-01T15:10:43+08:00,OOOOOFHN,108393879216128,得勁合約,BTCUSDT,多,1000,64334.3,64334.7,64333.5,64274.2,5.978388,500,500,0,0,0,已平倉,止損平倉,64333.5,-120.12406275,-24.03,115.38318732,2024-08-01T15:10:43+08:00
2024-08-01T15:10:38+08:00,OOOOOFHN,108374979682304,得勁合約,BTCUSDT,多,1000,64338.1,64338.5,64337.3,64278,11.95607,1000,1000,0,0,0,已平倉,止損平倉,64337.3,-240.24770603,-24.03,230.76637873,2024-08-01T15:10:38+08:00
2024-08-01T15:10:36+08:00,OOOOOFHN,108365922537472,得勁合約,BTCUSDT,多,1000,64321.4,64321.8,64320.6,64261.3,11.959174,1000,1000,0,0,0,已平倉,止盈平倉,64321.8,-225.90286033,-22.6,230.77067946,2024-08-01T15:10:37+08:00
2024-08-01T15:10:29+08:00,OOOOOFHN,108336840876032,得勁合約,BTCUSDT,空,1000,64312.1,64311.7,64312.9,64372.2,11.960919,1000,1000,0,0,0,已平倉,止損平倉,64312.9,-241.45275861,-24.15,230.77241627,2024-08-01T15:10:32+08:00
2024-08-01T15:10:27+08:00,OOOOOFHN,108327013621760,得勁合約,BTCUSDT,空,1000,64312.2,64311.7,64312.9,64372.3,11.960901,1000,1000,0,0,0,已平倉,止損平倉,64312.9,-240.25630874,-24.03,230.77206898,2024-08-01T15:10:32+08:00
2024-08-01T15:10:17+08:00,OOOOOFHN,108286759243776,得勁合約,BTCUSDT,空,1000,64319.9,64319.4,0,64380,5.979734,500,500,0,0,0,已平倉,止盈平倉,64319.4,-112.94988,-22.59,115.38387092,2024-08-01T15:10:20+08:00
2024-08-01T15:10:15+08:00,OOOOOFHN,108278886535168,得勁合約,BTCUSDT,空,1000,64325.7,64325.2,0,64385.8,11.958391,1000,1000,0,0,0,已平倉,止盈平倉,64325.2,-225.90043244,-22.6,230.76776783,2024-08-01T15:10:16+08:00
2024-08-01T15:10:13+08:00,OOOOOFHN,108269566791680,得勁合約,BTCUSDT,空,1000,64330.6,64330.2,0,64390.7,11.95748,1000,1000,0,0,0,已平倉,止盈平倉,64330.2,-227.09708315,-22.71,230.76812397,2024-08-01T15:10:15+08:00
2024-08-01T15:10:05+08:00,OOOOOFHN,108236127248384,得勁合約,BTCUSDT,多,1000,64332.9,64333.2,0,64272.8,0.23914,20,20,0,0,0,已平倉,止盈平倉,64333.2,-4.54197601,-22.71,4.61539244,2024-08-01T15:10:38+08:00
2024-08-01T15:10:02+08:00,OOOOOFHN,108222323793920,得勁合約,BTCUSDT,多,1000,64345.1,64345.6,0,64285,11.954769,1000,1000,0,0,0,已平倉,止盈平倉,64345.6,-224.7103822,-22.48,230.77103525,2024-08-01T15:11:43+08:00
2024-08-01T15:09:59+08:00,OOOOOFHN,108211307909120,得勁合約,BTCUSDT,多,1000,64343.3,64343.7,0,64283.2,11.955104,1000,1000,0,0,0,已平倉,止盈平倉,64343.7,-225.90531054,-22.6,230.77068758,2024-08-01T15:10:01+08:00
2024-08-01T15:04:38+08:00,OOOOOFHN,106865850683392,得勁合約,BTCUSDT,空,1000,64262.6,64070,0,64322.6,3.986054,333,333,0,0,0,已平倉,強制平倉,64322.6,-333,-100,76.91799834,2024-08-01T15:05:10+08:00
2024-08-01T15:04:01+08:00,OOOOOFHN,106707345383424,得勁合約,BTCUSDT,空,1000,64223.9,64031.3,0,64283.9,5.988673,500,500,0,0,0,已平倉,手動平倉,64221.3,-100.32059183,-20.07,115.38009642,2024-08-01T15:04:28+08:00
2024-08-01T15:03:59+08:00,OOOOOFHN,106699661418496,得勁合約,BTCUSDT,空,1000,64223.9,64031.3,0,64283.9,2.395469,200,200,0,0,0,已平倉,強制平倉,64283.9,-200,-100,46.19699571,2024-08-01T15:05:09+08:00
2024-08-01T15:03:55+08:00,OOOOOFHN,106682962251776,得勁合約,BTCUSDT,多,1000,64224.2,64416.8,0,64164.2,11.977274,1000,1000,0,0,0,已平倉,手動平倉,64400,1788.02023397,178.81,316.55601916,2024-08-01T15:06:59+08:00
2024-08-01T15:03:48+08:00,OOOOOFHR,106653027504128,得勁合約,BTCUSDT,多,1000,64222.1,64414.6,0,64162.1,11.977665,1000,1000,0,0,0,已平倉,手動平倉,64370.4,1508.35346159,150.84,266.90684734,2024-08-01T15:06:53+08:00
2024-08-01T15:03:42+08:00,OOOOOFHR,106630118215680,得勁合約,BTCUSDT,多,1000,64216.2,64416.6,0,64156.2,11.978766,1000,1000,0,0,0,已平倉,手動平倉,64370.4,1568.51847129,156.86,277.57995292,2024-08-01T15:06:53+08:00
2024-08-01T15:03:35+08:00,OOOOOFHR,106601523093504,得勁合約,BTCUSDT,空,1000,64223.8,64031.3,0,64283.8,11.977364,1000,1000,0,0,0,已平倉,強制平倉,64283.8,-1000,-100,230.98498527,2024-08-01T15:05:09+08:00
2024-08-01T15:03:22+08:00,OOOOOFHR,106546607071232,得勁合約,BTCUSDT,空,1000,64221,64025.3,0,64281,2.383599,199,199,0,0,0,已平倉,強制平倉,64281,-199,-100,45.96600524,2024-08-01T15:05:09+08:00
2024-08-01T15:03:08+08:00,OOOOOFHR,106488352382976,普通合約,BTCUSDT,空,100,64196.1,60989.3,0,64805.4,0.014978,9.80769419,9.80769419,0.19230581,0,0,已平倉,手動平倉,64370.7,-3.00033953,-30.01,0.19282885,2024-08-01T15:06:53+08:00
2024-08-01T15:03:07+08:00,OOOOOFHR,106481199452160,普通合約,BTCUSDT,空,100,64196.1,60989.4,0,64805.4,0.007489,4.90384709,4.90384709,0.09615291,0,0,已平倉,手動平倉,64370.7,-1.50016977,-30.01,0.09641443,2024-08-01T15:06:53+08:00
2024-08-01T15:03:05+08:00,OOOOOFHR,106474765389824,普通合約,BTCUSDT,空,100,64196.1,60989.3,0,64805.4,1.497814,980.76923952,980.76923952,19.23076048,0,0,已平倉,手動平倉,64370.7,-300.03675797,-30.01,19.28306507,2024-08-01T15:06:53+08:00
2024-08-01T15:03:01+08:00,OOOOOFHR,106456780214272,得勁合約,BTCUSDT,空,1000,64199.3,64006.7,0,64259.3,0.059909,5,5,0,0,0,已平倉,手動平倉,64224.1,-2.64513199,-52.91,1.15428036,2024-08-01T15:03:31+08:00
2024-08-01T15:03:00+08:00,OOOOOFHR,106451902238720,得勁合約,BTCUSDT,空,1000,64193.9,64001.4,0,64253.9,0.119829,10,10,0,0,0,已平倉,強制平倉,64253.9,-10,-100,2.30984162,2024-08-01T15:04:39+08:00
2024-08-01T15:02:58+08:00,OOOOOFHR,106445254266880,得勁合約,BTCUSDT,空,1000,64193.9,64001.4,0,64253.9,11.982943,1000,1000,0,0,0,已平倉,強制平倉,64253.9,-1000,-100,230.98498981,2024-08-01T15:04:39+08:00
2024-08-01T15:02:48+08:00,OOOOOFHR,106402501726208,普通合約,BTCUSDT,多,100,64204.4,67411.2,0,63595.1,0.007488,4.90384762,4.90384762,0.09615238,0,0,已平倉,手動平倉,64223.9,-0.04633838,-0.93,0.09618158,2024-08-01T15:03:29+08:00
2024-08-01T15:02:46+08:00,OOOOOFHR,106395498881024,普通合約,BTCUSDT,多,100,64200.5,67409.5,0,63591.2,0.014977,9.80769409,9.80769409,0.19230591,0,0,已平倉,手動平倉,64370.4,2.15942706,21.6,0.19281482,2024-08-01T15:06:53+08:00
2024-08-01T15:02:43+08:00,OOOOOFHR,106382962106368,普通合約,BTCUSDT,多,100,64205.1,67411.9,0,63595.8,1.497606,980.76923833,980.76923833,19.23076167,0,0,已平倉,手動平倉,64223.9,-10.3162971,-1.04,19.23639184,2024-08-01T15:03:28+08:00
2024-08-01T15:02:39+08:00,OOOOOFHR,106366507851776,得勁合約,BTCUSDT,多,1000,64206.4,64398.7,0,64146.4,0.119805,10,10,0,0,0,已平倉,手動平倉,64370.4,16.68456,166.85,2.9531891,2024-08-01T15:06:53+08:00
2024-08-01T15:02:37+08:00,OOOOOFHR,106356771229696,得勁合約,BTCUSDT,多,1000,64206.3,64398.7,0,64146.3,0.059903,5,5,0,0,0,已平倉,手動平倉,64370.4,8.34741451,166.95,1.47753231,2024-08-01T15:06:53+08:00
2024-08-01T15:02:34+08:00,OOOOOFHR,106343283990528,得勁合約,BTCUSDT,多,1000,64218.2,64413.4,0,64158.2,0.119783,10,10,0,0,0,已平倉,手動平倉,64370.4,15.48109279,154.82,2.73960656,2024-08-01T15:06:53+08:00
2024-08-01T15:02:32+08:00,OOOOOFHR,106335426416640,得勁合約,BTCUSDT,多,1000,64220.9,64413.5,0,64160.9,11.977889,1000,1000,0,0,0,已平倉,手動平倉,64370.4,1520.58861265,152.06,269.07840619,2024-08-01T15:06:53+08:00
2024-08-01T15:01:51+08:00,OOOOOFHN,106163422203904,得勁合約,BTCUSDT,多,1000,64242.7,64435.2,0,64182.7,11.973825,1000,1000,0,0,0,已平倉,手動平倉,64378.4,1379.72884114,137.98,244.09110282,2024-08-01T15:12:10+08:00
2024-08-01T15:01:48+08:00,OOOOOFHN,106151057395712,得勁合約,BTCUSDT,空,1000,64237.6,64042.4,0,64297.6,11.974791,1000,1000,0,0,0,已平倉,強制平倉,64297.6,-1000,-100,230.98498648,2024-08-01T15:05:09+08:00
2024-08-01T15:01:46+08:00,OOOOOFHN,106141068206080,得勁合約,BTCUSDT,空,1000,64235,64042.4,0,64295,1.197527,100,100,0,0,0,已平倉,強制平倉,64295,-100,-100,23.09848768,2024-08-01T15:05:09+08:00
2024-08-01T15:01:42+08:00,OOOOOFHN,106125490561024,普通合約,BTCUSDT,空,100,64240.4,61028.5,0,64850,1.496783,980.76924003,980.76924003,19.23075997,0,0,已平倉,手動平倉,64378.7,-245.63654485,-24.57,19.27218669,2024-08-01T15:12:10+08:00
2024-08-01T15:01:37+08:00,OOOOOFHN,106106972708864,普通合約,BTCUSDT,空,100,64246.4,61022.3,0,64856.1,0.007483,4.90384897,4.90384897,0.09615103,0,0,已平倉,手動平倉,64378.7,-1.18314369,-23.67,0.09634916,2024-08-01T15:12:10+08:00
2024-08-01T15:01:36+08:00,OOOOOFHN,106101088100352,普通合約,BTCUSDT,空,100,64232.2,61020.7,0,64841.8,0.014969,9.80770191,9.80770191,0.19229809,0,0,已平倉,手動平倉,64378.7,-2.57927835,-25.8,0.19273694,2024-08-01T15:12:10+08:00
2024-08-01T15:01:32+08:00,OOOOOFHN,106084749643776,普通合約,BTCUSDT,多,100,64232.4,67443.8,0,63622.8,0.007484,4.90385695,4.90385695,0.09614305,0,0,已平倉,手動平倉,64378.4,0.89951713,18,0.09636145,2024-08-01T15:12:10+08:00
2024-08-01T15:01:30+08:00,OOOOOFHN,106076081659904,普通合約,BTCUSDT,多,100,64232.5,67443.8,0,63622.9,0.014969,9.80770076,9.80770076,0.19229924,0,0,已平倉,手動平倉,64378.4,1.79765725,17.98,0.19273578,2024-08-01T15:12:10+08:00
2024-08-01T15:01:26+08:00,OOOOOFHN,106061009883136,得勁合約,BTCUSDT,多,1000,64238,64430.5,0,64178,1.19747,100,100,0,0,0,已平倉,手動平倉,64378.4,142.7630905,142.77,25.25889601,2024-08-01T15:12:10+08:00
2024-08-01T15:01:23+08:00,OOOOOFHN,106046854107136,得勁合約,BTCUSDT,多,1000,64237.3,64426.1,0,64177.3,0.119748,10,10,0,0,0,已平倉,手動平倉,64378.4,14.34760907,143.48,2.53855374,2024-08-01T15:12:10+08:00
2024-08-01T14:55:39+08:00,OOOOOOOG,104602113511424,普通合約,SOLUSDT,空,1,168.637,50,0,320.42,5.927,999.80009829,999.80009829,0.19990171,70.49943715,10.682250280000002,持倉中,,0,0,0,0,1970-01-01T08:00:00+08:00
2024-08-01T14:53:44+08:00,OOOOOOOG,104120982347776,普通合約,SOLUSDT,多,1,168.761,1012.56,0,16.875,5.923,999.8000863,999.8000863,0.1999137,-71.18638286,-10.67504109,持倉中,,0,0,0,0,1970-01-01T08:00:00+08:00
2024-08-01T14:53:40+08:00,OOOOOOOG,104106300641280,普通合約,SOLUSDT,多,1,168.764,1012.596,0,16.878,5.923,999.80008275,999.80008275,0.19991725,-71.20415192,-10.67504109,持倉中,,0,0,0,0,1970-01-01T08:00:00+08:00
2024-08-01T14:53:37+08:00,OOOOOOOG,104091058540544,普通合約,SOLUSDT,多,1,168.794,1012.758,0,16.882,5.922,999.80008097,999.80008097,0.19991903,-71.36979082,-10.673238730000001,持倉中,,0,0,0,0,1970-01-01T08:00:00+08:00
2024-08-01T12:45:46+08:00,OOOOOOOG,71915681783808,得勁合約,SOLUSDT,空,1000,167.302,166.8,0,167.448,4597.871,1000,1000,0,0,0,已平倉,止盈平倉,166.8,1960.98346623,196.1,344.84010431,2024-08-01T12:47:29+08:00
2024-08-01T12:45:41+08:00,OOOOOOOG,71898231836672,得勁合約,SOLUSDT,空,1000,167.292,166.752,0,167.438,4598.146,1000,1000,0,0,0,已平倉,止盈平倉,166.752,2109.78350324,210.98,370.90766522,2024-08-01T12:47:30+08:00
2024-08-01T12:45:37+08:00,OOOOOOOG,71880038588416,得勁合約,SOLUSDT,多,1000,167.28,167.789,0,167.134,4598.475,1000,1000,0,0,0,已平倉,強制平倉,167.134,-1000,-100,230.56841294,2024-08-01T12:46:32+08:00
2024-08-01T12:44:08+08:00,OOOOOOOG,71506299293696,得勁合約,BTCUSDT,多,1000,63745.8,63932.7,0,63686.2,0.060335,5,5,0,0,0,已平倉,強制平倉,63686.2,-5,-100,1.15275185,2024-08-01T12:48:26+08:00
2024-08-01T12:44:06+08:00,OOOOOOOG,71497881325568,得勁合約,BTCUSDT,空,1000,63720.5,63529.3,0,63780,0.060359,5,5,0,0,0,已平倉,強制平倉,63780,-5,-100,1.1549089,2024-08-01T12:44:17+08:00
2024-08-01T12:43:36+08:00,OOOOOOOG,71373272748032,得勁合約,BTCUSDT,空,1000,63749,63554.3,0,63808.6,12.066571,1000,1000,0,0,0,已平倉,強制平倉,63808.6,-1000,-100,230.98498933,2024-08-01T12:45:19+08:00
2024-08-01T12:43:32+08:00,OOOOOOOG,71356216156160,得勁合約,BTCUSDT,多,1000,63745.8,63936.7,0,63686.2,12.067161,1000,1000,0,0,0,已平倉,強制平倉,63686.2,-1000,-100,230.55344855,2024-08-01T12:48:26+08:00
2024-08-01T11:23:05+08:00,OOOOOOOG,51110721789952,得勁合約,BTCUSDT,多,1000,63894.7,0,0,63835,0.060195,5,5,0,0,0,已平倉,手動平倉,63906.1,-0.47284405,-9.46,1.15404666,2024-08-01T11:23:09+08:00
2024-08-01T11:22:28+08:00,OOOOOOOG,50952520826880,得勁合約,BTCUSDT,多,1000,63928.3,64119.9,0,63868.6,0.060163,5,5,0,0,0,已平倉,手動平倉,63913.4,-2.05501871,-41.11,1.15356491,2024-08-01T11:22:30+08:00
2024-08-01T11:07:53+08:00,OOOOOOOG,47285870866432,得勁合約,BTCUSDT,多,1000,63845.9,0,0,63786.2,0.060241,5,5,0,0,0,已平倉,手動平倉,63878.2,0.78634959,15.73,1.15442434,2024-08-01T11:21:53+08:00
2024-08-01T11:05:13+08:00,OOOOOOOG,46613393911808,普通合約,SOLUSDT,空,100,169.542,0,0,171.065,0.567,0.98077399,0.98077399,0.01922601,0,0,已平倉,手動平倉,169.115,0.20369634,20.37,0.01917759,2024-08-01T11:21:53+08:00
2024-08-01T11:00:29+08:00,OOOOOOOG,45420093452288,得勁合約,BTCUSDT,多,1000,64032.8,64224.7,0,63973,0.060065,5,5,0,0,0,已平倉,手動平倉,63854.1,-11.88925787,-237.79,1.15061731,2024-08-01T11:21:53+08:00
