委託時間,UID,委託單號,倉位單號,合約類型,交易對,方向,槓桿,訂單類型,委託價格,已成交數量,委託狀態,手續費,成交均價,成交金額,取消時間,成交時間
2024-08-09T07:00:40+08:00,OOOOOGDS,347458693795840,135520684986368,普通合約,BTCUSDT,空,10,強制平倉,62625.39525754,0.00087,已成交,0.01089682,62625.39525754,54.4840938740598,--,2024-08-09T07:00:40+08:00
2024-08-08T23:28:40+08:00,OOOOOGDV,233708255449088,233645319917568,普通合約,BTCUSDT,多,277,市價平倉,57734.479940789857795477,1.902927,已成交,22.31686914,58638.26919064,111584.34567613700328,--,2024-08-08T23:28:40+08:00
2024-08-08T23:28:25+08:00,OOOOOGDV,233645319917568,233645319917568,普通合約,BTCUSDT,多,277,市價開倉,0,1.902927,已成交,22.39340765,58839.3765176,111967.0382385070152,--,2024-08-08T23:28:25+08:00
2024-08-08T23:28:08+08:00,OOOOOGDV,233573613948928,233514235334656,普通合約,BTCUSDT,多,277,市價平倉,57866.356478061721235932,2.824936,已成交,33.15222486,58677.83351002,165761.12428446185872,--,2024-08-08T23:28:08+08:00
2024-08-08T23:27:54+08:00,OOOOOGDV,233514235334656,233514235334656,普通合約,BTCUSDT,多,277,市價開倉,0,2.824936,已成交,33.26592465,58879.0766367,166329.6232377727512,--,2024-08-08T23:27:54+08:00
2024-08-08T23:17:31+08:00,OOOOOGMK,230902861172736,230516582895616,得勁合約,BTCUSDT,多,1000,強制平倉,58643.19338746,13.104871,已成交,230.55344532,58643.19338746,768511.48437071631766,--,2024-08-08T23:17:31+08:00
2024-08-08T23:15:59+08:00,OOOOOGMK,230516582895616,230516582895616,得勁合約,BTCUSDT,多,1000,市價開倉,0,13.104871,已成交,0,58698.0760937,769230.7151561224127,--,2024-08-08T23:15:59+08:00
2024-08-08T23:10:06+08:00,OOOOOFHC,229035297329152,228141118001152,普通合約,BTCUSDT,多,1,市價平倉,58964.3,0.000084,已成交,0.0009906,58964.1231071,4.9529863409964,--,2024-08-08T23:10:06+08:00
2024-08-08T23:06:33+08:00,OOOOOFHC,228141118001152,228141118001152,普通合約,BTCUSDT,多,1,市價開倉,0,0.000084,已成交,0.00099259,59082.5772472,4.9629364887648,--,2024-08-08T23:06:33+08:00
2024-08-08T22:39:30+08:00,OOOOOGDV,221334593081344,221015603531776,得勁合約,BTCUSDT,多,600,市價平倉,56984.220655455112478311,2.610271,已成交,45.69101081,58347.72303434,152303.36935256970614,--,2024-08-08T22:39:30+08:00
2024-08-08T22:38:14+08:00,OOOOOGDV,221015603531776,221015603531776,得勁合約,BTCUSDT,多,600,市價開倉,0,2.610271,已成交,0,58439.2753173,152542.3456217639883,--,2024-08-08T22:38:14+08:00
2024-08-08T22:37:34+08:00,OOOOOGDV,220850268262400,219687561203712,得勁合約,BTCUSDT,多,800,市價平倉,57213.795575304685214394,5.527779,已成交,96.66087564,58287.95232159,322202.91879628644861,--,2024-08-08T22:37:34+08:00
2024-08-08T22:37:34+08:00,OOOOOGDV,220850268262401,219860420907008,得勁合約,BTCUSDT,多,600,市價平倉,57213.795575304685214394,4.367364,已成交,76.15168731,58121.77727344,253838.95768004001216,--,2024-08-08T22:37:34+08:00
2024-08-08T22:33:38+08:00,OOOOOGDV,219860420907008,219860420907008,得勁合約,BTCUSDT,多,600,市價開倉,0,4.367364,已成交,0,58212.9746384,254237.2497686611776,--,2024-08-08T22:33:38+08:00
2024-08-08T22:32:57+08:00,OOOOOGDV,219687561203712,219687561203712,得勁合約,BTCUSDT,多,800,市價開倉,0,5.527779,已成交,0,58356.2750683,322580.5918407723057,--,2024-08-08T22:32:57+08:00
2024-08-08T22:30:49+08:00,OOOOOGDV,219150274564096,219031899066368,得勁合約,BTCUSDT,多,800,強制平倉,58083.69134752,2.218883,已成交,38.6642746,58083.69134752,128880.91530825922016,--,2024-08-08T22:30:49+08:00
2024-08-08T22:30:46+08:00,OOOOOGMO,219138119471104,218938131353600,得勁合約,BTCUSDT,多,1000,強制平倉,58093.60606599,2.645769,已成交,46.11067861,58093.60606599,153702.26202760829631,--,2024-08-08T22:30:46+08:00
2024-08-08T22:30:21+08:00,OOOOOGDV,219031899066368,219031899066368,得勁合約,BTCUSDT,多,800,市價開倉,0,2.218883,已成交,0,58151.8744551,129032.2056465556533,--,2024-08-08T22:30:21+08:00
2024-08-08T22:29:58+08:00,OOOOOGMO,218938131353600,218938131353600,得勁合約,BTCUSDT,多,1000,市價開倉,0,2.645769,已成交,0,58147.9744434,153846.1081951399746,--,2024-08-08T22:29:58+08:00
2024-08-08T22:27:56+08:00,OOOOOGDV,218424760979456,218327163719680,得勁合約,BTCUSDT,多,800,市價平倉,57992.6,5.563867,已成交,96.79864362,57992.4260222,322662.1453948598474,--,2024-08-08T22:27:56+08:00
2024-08-08T22:27:51+08:00,OOOOOGDN,218404091105280,137041896132608,普通合約,TRXUSDT,空,249,強制平倉,0.12620168,9003,已成交,0.22723875,0.12620168,1136.19372504,--,2024-08-08T22:27:51+08:00
2024-08-08T22:27:44+08:00,OOOOOGMJ,218372575596544,217538408075264,普通合約,BTCUSDT,多,1,市價平倉,60.95038840621473456,0.017327,已成交,0.00999681,2884.74660495,49.98400442396865,--,2024-08-08T22:27:44+08:00
2024-08-08T22:27:43+08:00,OOOOOGDV,218369358417920,218332926840832,普通合約,BTCUSDT,多,1,市價平倉,57983.3,0.172422,已成交,1.99951332,57983.1260501,9997.5665598103422,--,2024-08-08T22:27:43+08:00
2024-08-08T22:27:34+08:00,OOOOOGDV,218332926840832,218332926840832,普通合約,BTCUSDT,多,1,市價開倉,0,0.172422,已成交,1.99919339,57973.84863825,9995.9669299043415,--,2024-08-08T22:27:34+08:00
2024-08-08T22:27:33+08:00,OOOOOGDV,218327163719680,218327163719680,得勁合約,BTCUSDT,多,800,市價開倉,0,5.563867,已成交,0,57977.7739328,322580.6231181661376,--,2024-08-08T22:27:33+08:00
2024-08-08T22:27:16+08:00,OOOOOGDV,218257362112512,218123765141504,普通合約,BTCUSDT,多,20,市價平倉,57966.7,0.304277,已成交,3.52757614,57966.5260999,17637.8806620992723,--,2024-08-08T22:27:16+08:00
2024-08-08T22:26:44+08:00,OOOOOGDV,218123765141504,218123765141504,普通合約,BTCUSDT,多,20,市價開倉,0,0.304277,已成交,3.51983213,57839.2735173,17599.1606280234921,--,2024-08-08T22:26:44+08:00
2024-08-08T22:26:33+08:00,OOOOOGDV,218078055616512,217936518828032,普通合約,BTCUSDT,多,20,市價平倉,57827.7,0.183424,已成交,2.12139125,57827.5265169,10606.9562238358656,--,2024-08-08T22:26:33+08:00
2024-08-08T22:26:00+08:00,OOOOOGDV,217936518828032,217936518828032,普通合約,BTCUSDT,多,20,市價開倉,0,0.183424,已成交,2.11904514,57763.5732902,10595.2256671816448,--,2024-08-08T22:26:00+08:00
2024-08-08T22:25:50+08:00,OOOOOGDV,217894206689280,217852418985984,普通合約,BTCUSDT,多,20,市價平倉,56603.598529800598160856,0.114436,已成交,1.295494,56603.428719005008759062,6477.469968888057182352019032,--,2024-08-08T22:25:50+08:00
2024-08-08T22:25:40+08:00,OOOOOGDV,217852418985984,217852418985984,普通合約,BTCUSDT,多,20,市價開倉,0,0.114436,已成交,1.32142164,57736.2732083,6607.1081608650188,--,2024-08-08T22:25:40+08:00
2024-08-08T22:24:25+08:00,OOOOOGMJ,217538408075264,217538408075264,普通合約,BTCUSDT,多,1,市價開倉,0,0.017327,已成交,0.19991849,57689.8730691,999.5924306682957,--,2024-08-08T22:24:25+08:00
2024-08-08T22:22:25+08:00,OOOOOGDV,217035813015552,217005442060288,得勁合約,BTCUSDT,多,800,市價平倉,57676.9,3.355969,已成交,58.06839232,57676.7269693,193561.3077304347517,--,2024-08-08T22:22:25+08:00
2024-08-08T22:22:18+08:00,OOOOOGDV,217005442060288,217005442060288,得勁合約,BTCUSDT,多,800,市價開倉,0,3.355969,已成交,0,57672.8730181,193548.3739896800389,--,2024-08-08T22:22:18+08:00
2024-08-08T22:20:11+08:00,OOOOOGDV,216476032815104,216445175320576,得勁合約,BTCUSDT,多,800,市價平倉,57576.1,5.59865,已成交,96.70423957,57575.9272717,322347.465219703205,--,2024-08-08T22:20:11+08:00
2024-08-08T22:20:04+08:00,OOOOOGDV,216445175320576,216445175320576,得勁合約,BTCUSDT,多,800,市價開倉,0,5.59865,已成交,0,57617.5728522,322580.62424896953,--,2024-08-08T22:20:04+08:00
2024-08-08T22:15:21+08:00,OOOOOGDV,215257927389184,215229741666304,得勁合約,BTCUSDT,多,600,市價平倉,57463.5,5.308861,已成交,91.51944567,57463.3276095,305064.8188762977795,--,2024-08-08T22:15:21+08:00
2024-08-08T22:15:14+08:00,OOOOOGDV,215229741666304,215229741666304,得勁合約,BTCUSDT,多,600,市價開倉,0,5.308861,已成交,0,57467.0724007,305084.6994522526027,--,2024-08-08T22:15:14+08:00
2024-08-08T22:14:42+08:00,OOOOOGMO,215093007208448,214927193935872,得勁合約,BTCUSDT,多,1000,市價平倉,57461.4,2.678022,已成交,46.16472952,57461.2276158,153882.4317021199476,--,2024-08-08T22:14:42+08:00
2024-08-08T22:14:02+08:00,OOOOOGMO,214927193935872,214927193935872,得勁合約,BTCUSDT,多,1000,市價開倉,0,2.678022,已成交,0,57447.6723425,153846.130382006535,--,2024-08-08T22:14:02+08:00
2024-08-08T22:13:52+08:00,OOOOOGMO,214882855948288,214845522448384,得勁合約,BTCUSDT,多,1000,市價平倉,55794.800158470542648409,5.353947,已成交,92.22153008,57416.53778715,307405.10023589838105,--,2024-08-08T22:13:52+08:00
2024-08-08T22:13:43+08:00,OOOOOGMO,214845522448384,214845522448384,得勁合約,BTCUSDT,多,1000,市價開倉,0,5.353947,已成交,0,57470.17241,307692.25716400227,--,2024-08-08T22:13:43+08:00
2024-08-08T22:13:08+08:00,OOOOOGDV,214698369486848,214672343683072,得勁合約,BTCUSDT,多,1000,市價平倉,57460.2,5.941672,已成交,102.42259117,57460.0276194,341408.6372254156368,--,2024-08-08T22:13:08+08:00
2024-08-08T22:13:01+08:00,OOOOOGDV,214672343683072,214672343683072,得勁合約,BTCUSDT,多,1000,市價開倉,0,5.941672,已成交,0,57481.8724451,341538.4320146222072,--,2024-08-08T22:13:01+08:00
2024-08-08T22:12:05+08:00,OOOOOGMO,214435889451008,214372102967296,得勁合約,BTCUSDT,多,1000,止盈平倉,57405.1,5.365,已成交,92.39350845,57405.1,307978.3615,--,2024-08-08T22:12:05+08:00
2024-08-08T22:11:50+08:00,OOOOOGMO,214372102967296,214372102967296,得勁合約,BTCUSDT,多,1000,市價開倉,0,5.365,已成交,0,57351.7720548,307692.257074002,--,2024-08-08T22:11:50+08:00
2024-08-08T22:11:07+08:00,OOOOOGDV,214192901181440,214166774861824,得勁合約,BTCUSDT,多,1000,市價平倉,57453.7,4.018432,已成交,69.2619282,57453.5276389,230873.0939770402048,--,2024-08-08T22:11:07+08:00
2024-08-08T22:11:01+08:00,OOOOOGDV,214166774861824,214166774861824,得勁合約,BTCUSDT,多,1000,市價開倉,0,4.018432,已成交,0,57427.6722825,230769.19598551104,--,2024-08-08T22:11:01+08:00
2024-08-08T22:10:45+08:00,OOOOOGDV,214098995056640,214038500610048,普通合約,BTCUSDT,多,20,市價平倉,56075.215720906948502096,0.306702,已成交,3.43966585,56075.04749525978578125,17198.3292168911668186809375,--,2024-08-08T22:10:45+08:00
2024-08-08T22:10:30+08:00,OOOOOGDV,214038500610048,214038500610048,普通合約,BTCUSDT,多,20,市價開倉,0,0.306702,已成交,3.523808,57446.7723398,17619.0399701613396,--,2024-08-08T22:10:30+08:00
2024-08-08T22:09:50+08:00,OOOOOGDV,213868786487296,213834300772352,普通合約,BTCUSDT,多,20,市價平倉,56139.837104548699709962,0.191811,已成交,2.1536412,56139.668685037386063862,10768.205990145706058295434082,--,2024-08-08T22:09:50+08:00
2024-08-08T22:09:42+08:00,OOOOOGDV,213834300772352,213834300772352,普通合約,BTCUSDT,多,20,市價開倉,0,0.191811,已成交,2.20237284,57409.9722294,11011.8641832934434,--,2024-08-08T22:09:42+08:00
2024-08-08T22:09:23+08:00,OOOOOGDV,213754063884288,213723713900544,得勁合約,BTCUSDT,多,1000,市價平倉,57444.7,4.019517,已成交,69.26977666,57444.5276659,230899.2555100553703,--,2024-08-08T22:09:22+08:00
2024-08-08T22:09:15+08:00,OOOOOGDV,213723713900544,213723713900544,得勁合約,BTCUSDT,多,1000,市價開倉,0,4.019517,已成交,0,57412.172236,230769.202309530012,--,2024-08-08T22:09:15+08:00
2024-08-08T22:03:25+08:00,OOOOOGMO,212255270801408,212236745052160,得勁合約,BTCUSDT,多,1000,止盈平倉,57517.7,4.0153,已成交,69.28524625,57517.7,230950.82081,--,2024-08-08T22:03:25+08:00
2024-08-08T22:03:21+08:00,OOOOOGMO,212236745052160,212236745052160,得勁合約,BTCUSDT,多,1000,市價開倉,0,4.0153,已成交,0,57472.4724169,230769.21849557857,--,2024-08-08T22:03:21+08:00
2024-08-08T21:44:01+08:00,OOOOOGDV,207371993993216,207330726383616,得勁合約,BTCUSDT,多,1000,市價平倉,57440.9,4.017572,已成交,69.23167776,57440.7276773,230772.2591759455156,--,2024-08-08T21:44:01+08:00
2024-08-08T21:43:51+08:00,OOOOOGDV,207330726383616,207330726383616,得勁合約,BTCUSDT,多,1000,市價開倉,0,4.017572,已成交,0,57439.9723194,230769.2244711964968,--,2024-08-08T21:43:51+08:00
2024-08-08T21:43:02+08:00,OOOOOGDV,207124806881280,207093978894336,得勁合約,BTCUSDT,多,1000,市價平倉,57502.8,4.014301,已成交,69.24985652,57502.6274916,230832.8550421573716,--,2024-08-08T21:43:02+08:00
2024-08-08T21:42:55+08:00,OOOOOGDV,207093978894336,207093978894336,得勁合約,BTCUSDT,多,1000,市價開倉,0,4.014301,已成交,0,57486.7724598,230769.2081721475998,--,2024-08-08T21:42:55+08:00
2024-08-08T21:41:52+08:00,OOOOOGDV,206831050559488,206799853178880,得勁合約,BTCUSDT,多,1000,市價平倉,57432.4,4.017949,已成交,69.22792856,57432.2277028,230759.7618662375572,--,2024-08-08T21:41:52+08:00
2024-08-08T21:41:44+08:00,OOOOOGDV,206799853178880,206799853178880,得勁合約,BTCUSDT,多,1000,市價開倉,0,4.017949,已成交,0,57434.5723032,230769.1823510701368,--,2024-08-08T21:41:44+08:00
2024-08-08T21:41:31+08:00,OOOOOGMJ,206743599321088,206126944210944,普通合約,BTCUSDT,多,1,市價平倉,57403.8,0.000086,已成交,0.00098735,57403.6277886,4.9367119898196,--,2024-08-08T21:41:31+08:00
2024-08-08T21:40:48+08:00,OOOOOGDV,206563180843008,206534739759104,得勁合約,BTCUSDT,多,1000,止盈平倉,57464.8,4.019657,已成交,69.29663568,57464.8,230988.7855736,--,2024-08-08T21:40:48+08:00
2024-08-08T21:40:41+08:00,OOOOOGDV,206534739759104,206534739759104,得勁合約,BTCUSDT,多,1000,市價開倉,0,4.019657,已成交,0,57410.17223,230769.20067552511,--,2024-08-08T21:40:41+08:00
2024-08-08T21:40:28+08:00,OOOOOGMJ,206479328808960,205726920855552,普通合約,BTCUSDT,多,499,市價平倉,57426,0.723578,已成交,8.31041312,57425.827722,41552.065571429316,--,2024-08-08T21:40:28+08:00
2024-08-08T21:39:04+08:00,OOOOOGMJ,206126944210944,206126944210944,普通合約,BTCUSDT,多,1,市價開倉,0,0.000086,已成交,0.00098927,57515.2725453,4.9463134388958,--,2024-08-08T21:39:04+08:00
2024-08-08T21:38:47+08:00,OOOOOGMJ,206055049793536,,普通合約,BTCUSDT,多,1,限價開倉,57466.2,0,已取消,0,0,0,2024-08-08T21:38:59+08:00,--
2024-08-08T21:37:29+08:00,OOOOOGMJ,205726920855552,205726920855552,普通合約,BTCUSDT,多,499,市價開倉,0,0.723578,已成交,8.31943538,57488.172464,41597.176855156192,--,2024-08-08T21:37:29+08:00
2024-08-08T21:33:09+08:00,OOOOOGDV,204638184394752,204594383278080,得勁合約,BTCUSDT,多,1000,市價平倉,57420.8,4.017691,已成交,69.20950179,57420.6277376,230698.3392757058816,--,2024-08-08T21:33:09+08:00
2024-08-08T21:32:59+08:00,OOOOOGDV,204594383278080,204594383278080,得勁合約,BTCUSDT,多,1000,市價開倉,0,4.017691,已成交,0,57438.2723143,230769.2297327122813,--,2024-08-08T21:32:59+08:00
2024-08-08T21:32:26+08:00,OOOOOGDV,204457631846400,204436635504640,得勁合約,BTCUSDT,多,1000,強制平倉,57490.66854692,4.010276,已成交,69.16603449,57490.66854692,230553.44829766814992,--,2024-08-08T21:32:26+08:00
2024-08-08T21:32:21+08:00,OOOOOGDV,204436635504640,204436635504640,得勁合約,BTCUSDT,多,1000,市價開倉,0,4.010276,已成交,0,57544.4726329,230769.2175323756804,--,2024-08-08T21:32:21+08:00
2024-08-08T21:31:35+08:00,OOOOOGDV,204243726536704,204138672295936,得勁合約,BTCUSDT,多,1000,強制平倉,57719.55502007,3.994373,已成交,69.16602965,57719.55502007,230553.43214418206611,--,2024-08-08T21:31:35+08:00
2024-08-08T21:31:10+08:00,OOOOOGDV,204138672295936,204138672295936,得勁合約,BTCUSDT,多,1000,市價開倉,0,3.994373,已成交,0,57773.5733202,230769.2013837272346,--,2024-08-08T21:31:10+08:00
2024-08-08T21:30:17+08:00,OOOOOGDV,203915455631360,203886795952128,得勁合約,BTCUSDT,多,1000,市價平倉,57752.1,3.994746,已成交,69.21128351,57751.9267437,230704.2783516886002,--,2024-08-08T21:30:17+08:00
2024-08-08T21:30:10+08:00,OOOOOGDV,203886795952128,203886795952128,得勁合約,BTCUSDT,多,1000,市價開倉,0,3.994746,已成交,0,57768.173304,230769.179233460784,--,2024-08-08T21:30:10+08:00
2024-08-08T21:30:03+08:00,OOOOOGMJ,203857242886144,203802888753152,得勁合約,BTCUSDT,多,1000,市價平倉,56399.598504164923532133,13.316745,已成交,230.55386004,57710.26378966,768512.8667696358567,--,2024-08-08T21:30:03+08:00
2024-08-08T21:29:50+08:00,OOOOOGMJ,203802888753152,203802888753152,得勁合約,BTCUSDT,多,1000,市價開倉,0,13.316745,已成交,0,57764.173292,769230.76586537454,--,2024-08-08T21:29:50+08:00
2024-08-08T21:28:25+08:00,OOOOOGDV,203446821359616,203358691135488,得勁合約,BTCUSDT,多,1000,止盈平倉,57743.9,3.999849,已成交,69.29006421,57743.9,230966.8806711,--,2024-08-08T21:28:25+08:00
2024-08-08T21:28:04+08:00,OOOOOGDV,203358691135488,203358691135488,得勁合約,BTCUSDT,多,1000,市價開倉,0,3.999849,已成交,0,57694.4730829,230769.1804661644821,--,2024-08-08T21:28:04+08:00
2024-08-08T21:27:11+08:00,OOOOOGDV,203136421892096,203042406912000,得勁合約,BTCUSDT,多,1000,強制平倉,57800.17980212,3.988801,已成交,69.1660245,57800.17980212,230553.41499487605812,--,2024-08-08T21:27:11+08:00
2024-08-08T21:26:49+08:00,OOOOOGDV,203042406912000,203042406912000,得勁合約,BTCUSDT,多,1000,市價開倉,0,3.988801,已成交,0,57854.2735623,230769.1842395758023,--,2024-08-08T21:26:49+08:00
2024-08-08T21:25:20+08:00,OOOOOGDV,202671286161408,202632644530176,得勁合約,BTCUSDT,多,1000,強制平倉,57829.65230564,3.986768,已成交,69.16602218,57829.65230564,230553.40726325177152,--,2024-08-08T21:25:20+08:00
2024-08-08T21:25:11+08:00,OOOOOGDV,202632644530176,202632644530176,得勁合約,BTCUSDT,多,1000,市價開倉,0,3.986768,已成交,0,57883.7736508,230769.1765102526144,--,2024-08-08T21:25:11+08:00
2024-08-08T21:23:11+08:00,OOOOOGMJ,202129793126400,202015775657984,得勁合約,BTCUSDT,多,1000,止損平倉,57831.5,13.294604,已成交,230.65406737,57831.5,768846.891226,--,2024-08-08T21:23:11+08:00
2024-08-08T21:22:44+08:00,OOOOOGMJ,202015775657984,202015775657984,得勁合約,BTCUSDT,多,1000,市價開倉,0,13.294604,已成交,0,57860.3735806,769230.7540461390824,--,2024-08-08T21:22:44+08:00
2024-08-08T21:22:23+08:00,OOOOOGMJ,201928487505920,201844715016192,得勁合約,BTCUSDT,多,1000,止損平倉,57951.3,13.267111,已成交,230.65389891,57951.3,768846.3296943,--,2024-08-08T21:22:23+08:00
2024-08-08T21:22:03+08:00,OOOOOGMJ,201844715016192,201844715016192,得勁合約,BTCUSDT,多,1000,市價開倉,0,13.267111,已成交,0,57980.2739403,769230.7301763674733,--,2024-08-08T21:22:03+08:00
2024-08-08T21:17:39+08:00,OOOOOGDV,200738186465280,200670129541120,普通合約,BTCUSDT,多,181,市價平倉,58099,1.641747,已成交,19.07671457,58098.825703,95383.572801423141,--,2024-08-08T21:17:39+08:00
2024-08-08T21:17:23+08:00,OOOOOGDV,200670129541120,200670129541120,普通合約,BTCUSDT,多,181,市價開倉,0,1.641747,已成交,19.07216645,58084.9742544,95360.8322272384368,--,2024-08-08T21:17:23+08:00
2024-08-08T21:14:34+08:00,OOOOOGDV,199961510416384,199929268654080,普通合約,BTCUSDT,多,181,市價平倉,57938.1,2.909745,已成交,33.71691821,57937.9261857,168584.5910292096465,--,2024-08-08T21:14:34+08:00
2024-08-08T21:14:26+08:00,OOOOOGDV,199929268654080,199929268654080,普通合約,BTCUSDT,多,181,市價開倉,0,2.909745,已成交,33.72229987,57947.173841,168611.499347980545,--,2024-08-08T21:14:26+08:00
2024-08-08T21:14:13+08:00,OOOOOGDV,199872826052608,199834930368512,普通合約,BTCUSDT,多,181,市價平倉,56648.416904278522229743,0.97005,已成交,11.18189301,57635.65284506,55909.465042350453,--,2024-08-08T21:14:13+08:00
2024-08-08T21:14:04+08:00,OOOOOGDV,199834930368512,199834930368512,普通合約,BTCUSDT,多,181,市價開倉,0,0.97005,已成交,11.24075972,57939.0738167,56203.798555889835,--,2024-08-08T21:14:04+08:00
2024-08-08T21:13:25+08:00,OOOOOGDV,199670874509312,199630139281408,普通合約,BTCUSDT,多,181,市價平倉,56150.577772445499749565,0.970546,已成交,11.18189493,57606.20787524,55909.47462848268104,--,2024-08-08T21:13:25+08:00
2024-08-08T21:13:15+08:00,OOOOOGDV,199630139281408,199630139281408,普通合約,BTCUSDT,多,181,市價開倉,0,0.970546,已成交,11.24076162,57909.4737279,56203.8080887184334,--,2024-08-08T21:13:15+08:00
2024-08-08T21:13:03+08:00,OOOOOGDV,199579220430848,199547637321728,普通合約,BTCUSDT,多,181,市價平倉,57936,2.262768,已成交,26.21906672,57935.826192,131095.333560819456,--,2024-08-08T21:13:03+08:00
2024-08-08T21:12:55+08:00,OOOOOGDV,199547637321728,199547637321728,普通合約,BTCUSDT,多,181,市價開倉,0,2.262768,已成交,26.22845615,57956.5738692,131142.2807408619456,--,2024-08-08T21:12:55+08:00
2024-08-08T21:12:24+08:00,OOOOOGDV,199415873261568,199396604628992,普通合約,BTCUSDT,多,181,市價平倉,57950.3,2.58702,已成交,29.98362708,57950.1261491,149918.135350244682,--,2024-08-08T21:12:24+08:00
2024-08-08T21:12:19+08:00,OOOOOGDV,199396604628992,199396604628992,普通合約,BTCUSDT,多,181,市價開倉,0,2.58702,已成交,29.97537327,57934.173802,149876.86630925004,--,2024-08-08T21:12:19+08:00
2024-08-08T21:12:05+08:00,OOOOOGDV,199336227622912,199314060873728,普通合約,BTCUSDT,多,181,市價平倉,57982,2.620831,已成交,30.39211344,57981.826054,151960.567158930874,--,2024-08-08T21:12:05+08:00
2024-08-08T21:12:00+08:00,OOOOOGDV,199314060873728,199314060873728,普通合約,BTCUSDT,多,181,市價開倉,0,2.620831,已成交,30.3804496,57959.5738782,151902.2479667767842,--,2024-08-08T21:12:00+08:00
2024-08-08T21:11:43+08:00,OOOOOGDV,199243906945024,199195949125632,普通合約,BTCUSDT,多,181,市價平倉,56710.089309905185471925,0.192291,已成交,2.21622678,57626.8982944,11081.1338999284704,--,2024-08-08T21:11:43+08:00
2024-08-08T21:11:32+08:00,OOOOOGDV,199195949125632,199195949125632,普通合約,BTCUSDT,多,181,市價開倉,0,0.192291,已成交,2.22789406,57930.2737903,11139.4702774105773,--,2024-08-08T21:11:32+08:00
2024-08-08T21:10:47+08:00,OOOOOGDV,199009696518144,198996900188160,得勁合約,BTCUSDT,多,1000,止盈平倉,57848.6,0.877962,已成交,15.23666177,57848.6,50788.8725532,--,2024-08-08T21:10:47+08:00
2024-08-08T21:10:44+08:00,OOOOOGDV,198996900188160,198996900188160,得勁合約,BTCUSDT,多,1000,市價開倉,0,0.877962,已成交,0,57826.173478,50769.182919091836,--,2024-08-08T21:10:44+08:00
2024-08-08T20:33:07+08:00,OOOOOGDC,189530200379392,132981235388416,普通合約,SOLUSDT,空,100,強制平倉,156.0565235,63.388,已成交,0,156.0565235,9892.110911618,--,2024-08-08T20:33:07+08:00
2024-08-08T19:43:14+08:00,OOOOOGDV,176976971468800,162111716708352,普通合約,BTCUSDT,多,499,強制平倉,57255.53529603,1.450284,已成交,16.60735736,57255.53529603,83036.78675126757252,--,2024-08-08T19:43:14+08:00
2024-08-08T19:35:09+08:00,OOOOOOOK,174942343958528,173035747921920,得勁合約,BTCUSDT,空,1000,強制平倉,57547.58426086,1.337936,已成交,23.09849541,57547.58426086,76994.98469563798496,--,2024-08-08T19:35:09+08:00
2024-08-08T19:35:09+08:00,OOOOOOOK,174942343958529,173050604294144,得勁合約,BTCUSDT,空,1000,強制平倉,57559.39528285,1.337661,已成交,23.09848748,57559.39528285,76994.95825345241385,--,2024-08-08T19:35:09+08:00
2024-08-08T19:27:38+08:00,OOOOOOOK,173050604294144,173050604294144,得勁合約,BTCUSDT,空,1000,市價開倉,0,1.337661,已成交,0,57505.6274826,76923.0351640021986,--,2024-08-08T19:27:38+08:00
2024-08-08T19:27:34+08:00,OOOOOOOK,173035747921920,173035747921920,得勁合約,BTCUSDT,空,1000,市價開倉,0,1.337936,已成交,0,57493.827518,76923.061614122848,--,2024-08-08T19:27:34+08:00
2024-08-08T19:26:58+08:00,OOOOOOOK,172883708596224,171632245723136,得勁合約,SOLUSDT,多,1000,市價平倉,154.188,499.447,已成交,23.10255091,154.187537436,77008.503009797892,--,2024-08-08T19:26:58+08:00
2024-08-08T19:26:58+08:00,OOOOOOOK,172883708596225,171646154035200,得勁合約,SOLUSDT,多,1000,市價平倉,154.188,499.505,已成交,23.10523377,154.187537436,77017.44588696918,--,2024-08-08T19:26:58+08:00
2024-08-08T19:26:58+08:00,OOOOOOOK,172883708596226,171654240653312,得勁合約,SOLUSDT,多,1000,市價平倉,154.188,499.447,已成交,23.10255091,154.187537436,77008.503009797892,--,2024-08-08T19:26:58+08:00
2024-08-08T19:25:38+08:00,OOOOOOOK,172547392180224,171665737388032,得勁合約,SOLUSDT,空,1000,強制平倉,154.09748668,499.618,已成交,23.09696344,154.09748668,76989.87810008824,--,2024-08-08T19:25:38+08:00
2024-08-08T19:23:02+08:00,OOOOOOOK,171893093339136,171687677792256,得勁合約,SOLUSDT,空,1000,強制平倉,154.06145541,499.735,已成交,23.09697043,154.06145541,76989.90141931635,--,2024-08-08T19:23:02+08:00
2024-08-08T19:22:39+08:00,OOOOOOOK,171796636930048,171674922913792,得勁合約,SOLUSDT,空,1000,強制平倉,154.03943614,499.807,已成交,23.09699654,154.03943614,76989.98845882498,--,2024-08-08T19:22:39+08:00
2024-08-08T19:22:13+08:00,OOOOOOOK,171687677792256,171687677792256,得勁合約,SOLUSDT,空,1000,市價開倉,0,499.735,已成交,0,153.92753822,76922.9783123717,--,2024-08-08T19:22:13+08:00
2024-08-08T19:22:10+08:00,OOOOOOOK,171674922913792,171674922913792,得勁合約,SOLUSDT,空,1000,市價開倉,0,499.807,已成交,0,153.90553829,76923.06537611003,--,2024-08-08T19:22:10+08:00
2024-08-08T19:22:08+08:00,OOOOOOOK,171665737388032,171665737388032,得勁合約,SOLUSDT,空,1000,市價開倉,0,499.618,已成交,0,153.96353811,76922.95498344198,--,2024-08-08T19:22:08+08:00
2024-08-08T19:22:05+08:00,OOOOOOOK,171654240653312,171654240653312,得勁合約,SOLUSDT,多,1000,市價開倉,0,499.447,已成交,0,154.01646205,76923.05992148635,--,2024-08-08T19:22:05+08:00
2024-08-08T19:22:03+08:00,OOOOOOOK,171646154035200,171646154035200,得勁合約,SOLUSDT,多,1000,市價開倉,0,499.505,已成交,0,153.998462,76923.00176131,--,2024-08-08T19:22:03+08:00
2024-08-08T19:22:00+08:00,OOOOOOOK,171632245723136,171632245723136,得勁合約,SOLUSDT,多,1000,市價開倉,0,499.447,已成交,0,154.01646205,76923.05992148635,--,2024-08-08T19:22:00+08:00
2024-08-08T18:44:10+08:00,OOOOOGDV,162111716708352,162111716708352,普通合約,BTCUSDT,多,499,市價開倉,0,1.450284,已成交,16.6388682,57364.172092,83194.340958274128,--,2024-08-08T18:44:10+08:00
2024-08-08T18:23:33+08:00,OOOOOGDV,156922066620416,156815145422848,普通合約,BTCUSDT,多,20,市價平倉,56324.43852004749988043,0.034558,已成交,0.38929083,56324.26954673193973793,1946.45410699596237346338494,--,2024-08-08T18:23:33+08:00
2024-08-08T18:23:33+08:00,OOOOOGDV,156922066620417,156830429614080,普通合約,BTCUSDT,多,20,市價平倉,56324.43852004749988043,0.103685,已成交,1.16799638,56324.26954673193973793,5839.98188795290117172727205,--,2024-08-08T18:23:33+08:00
2024-08-08T18:23:11+08:00,OOOOOGDV,156830429614080,156830429614080,普通合約,BTCUSDT,多,20,市價開倉,0,0.103685,已成交,1.19047327,57408.172224,5952.36633704544,--,2024-08-08T18:23:11+08:00
2024-08-08T18:23:07+08:00,OOOOOGDV,156815145422848,156815145422848,普通合約,BTCUSDT,多,20,市價開倉,0,0.034558,已成交,0.39681965,57413.5722402,1984.0982294768316,--,2024-08-08T18:23:07+08:00
2024-08-08T18:22:42+08:00,OOOOOGDV,156709147119616,156544331943936,普通合約,BTCUSDT,多,20,市價平倉,55691.959895831547928745,0.076038,已成交,0.84693851,55691.792819951860434101,4234.692542443499563688171838,--,2024-08-08T18:22:42+08:00
2024-08-08T18:22:42+08:00,OOOOOGDV,156709147119617,156567509667840,普通合約,BTCUSDT,多,20,市價平倉,55691.959895831547928745,0.079483,已成交,0.88531016,55691.792819951860434101,4426.550768708233722883649783,--,2024-08-08T18:22:42+08:00
2024-08-08T18:22:08+08:00,OOOOOGDV,156567509667840,156567509667840,普通合約,BTCUSDT,多,20,市價開倉,0,0.079483,已成交,0.91269014,57414.172242,4563.450652310886,--,2024-08-08T18:22:08+08:00
2024-08-08T18:22:03+08:00,OOOOOGDV,156544331943936,156544331943936,普通合約,BTCUSDT,多,20,市價開倉,0,0.076038,已成交,0.87301467,57406.4722189,4365.0733345807182,--,2024-08-08T18:22:03+08:00
2024-08-08T18:20:21+08:00,OOOOOGDV,156116852527104,156075039510528,普通合約,BTCUSDT,多,20,市價平倉,56215.931265197245558898,0.072629,已成交,0.81657893,56215.762617403449967162,4082.894623139395167665008898,--,2024-08-08T18:20:21+08:00
2024-08-08T18:20:11+08:00,OOOOOGDV,156075039510528,156075039510528,普通合約,BTCUSDT,多,20,市價開倉,0,0.072629,已成交,0.83332731,57368.7721058,4166.6365492721482,--,2024-08-08T18:20:11+08:00
2024-08-08T18:18:40+08:00,OOOOOGDV,155695031373824,155648256643072,普通合約,BTCUSDT,多,20,市價平倉,57307,0.069227,已成交,0.79343596,57306.828079,3967.179787424933,--,2024-08-08T18:18:40+08:00
2024-08-08T18:18:29+08:00,OOOOOGDV,155648256643072,155648256643072,普通合約,BTCUSDT,多,20,市價開倉,0,0.069227,已成交,0.79364425,57321.8719651,3968.2212305279777,--,2024-08-08T18:18:29+08:00
2024-08-08T17:41:10+08:00,OOOOOGDN,146257444376576,136903702204416,普通合約,ETHUSDT,空,200,強制平倉,2439.28326793,0.3813,已成交,0.18601975,2439.28326793,930.098710061709,--,2024-08-08T17:41:10+08:00
2024-08-08T17:25:52+08:00,OOOOOGDL,142405383491584,134723804975104,普通合約,BTCUSDT,多,50,強制平倉,55917.45037447,0.008599,已成交,0.09616684,55917.45037447,480.83415577006753,--,2024-08-08T17:25:52+08:00
2024-08-08T17:07:58+08:00,OOOOOGDN,137902239813632,136318064119808,得勁合約,BTCUSDT,多,1000,強制平倉,57112.62084357,0.06728,已成交,1.15276114,57112.62084357,3842.5371303553896,--,2024-08-08T17:07:58+08:00
2024-08-08T17:04:33+08:00,OOOOOGDN,137041896132608,137041896132608,普通合約,TRXUSDT,空,249,市價開倉,0,9003,已成交,0.22642479,0.12574963,1132.12391889,--,2024-08-08T17:04:33+08:00
2024-08-08T17:04:00+08:00,OOOOOGDN,136903702204416,136903702204416,普通合約,ETHUSDT,空,200,市價開倉,0,0.3813,已成交,0.18514195,2427.77271666,925.709736862458,--,2024-08-08T17:04:00+08:00
2024-08-08T17:02:12+08:00,OOOOOGDN,136450989658112,136329741209600,得勁合約,BTCUSDT,空,1000,強制平倉,57214.17447872,0.067286,已成交,1.15491389,57214.17447872,3849.71294397515392,--,2024-08-08T17:02:12+08:00
2024-08-08T17:01:43+08:00,OOOOOGDN,136329741209600,136329741209600,得勁合約,BTCUSDT,空,1000,市價開倉,0,0.067286,已成交,0,57160.7285173,3846.1167790150478,--,2024-08-08T17:01:43+08:00
2024-08-08T17:01:40+08:00,OOOOOGDN,136318064119808,136318064119808,得勁合約,BTCUSDT,多,1000,市價開倉,0,0.06728,已成交,0,57166.0714977,3846.133290365256,--,2024-08-08T17:01:40+08:00
2024-08-08T17:01:33+08:00,OOOOOGDX,136287407607808,131771078021120,得勁合約,SOLUSDT,多,1000,強制平倉,154.38902802,497.808,已成交,23.05682798,154.38902802,76856.09326058016,--,2024-08-08T17:01:33+08:00
2024-08-08T16:58:30+08:00,OOOOOGDS,135520684986368,135520684986368,普通合約,BTCUSDT,空,10,市價開倉,0,0.00087,已成交,0.0099507,57187.9284357,49.753497739059,--,2024-08-08T16:58:30+08:00
2024-08-08T16:58:26+08:00,OOOOOGDS,135504398651392,135504398651392,普通合約,BTCUSDT,多,10,市價開倉,0,0.00087,已成交,0.00995456,57210.0716297,49.772762317839,--,2024-08-08T16:58:26+08:00
2024-08-08T16:58:11+08:00,OOOOOGDY,135439550369792,135439550369792,普通合約,BTCUSDT,多,10,限價開倉,57000,0.001747,已成交,0.0199158,57000,99.579,--,2024-08-08T17:08:37+08:00
2024-08-08T16:58:09+08:00,OOOOOGDY,135433472823296,135433472823296,普通合約,BTCUSDT,多,10,限價開倉,57000,0.001747,已成交,0.0199158,57000,99.579,--,2024-08-08T17:08:37+08:00
2024-08-08T16:58:08+08:00,OOOOOGDY,135427172978688,135427172978688,普通合約,BTCUSDT,多,10,限價開倉,57000,0.001747,已成交,0.0199158,57000,99.579,--,2024-08-08T17:08:37+08:00
2024-08-08T16:58:06+08:00,OOOOOGDY,135420676001792,135420676001792,普通合約,BTCUSDT,多,10,限價開倉,57000,0.001747,已成交,0.0199158,57000,99.579,--,2024-08-08T17:08:37+08:00
2024-08-08T16:58:05+08:00,OOOOOGDY,135415491842048,135415491842048,普通合約,BTCUSDT,多,10,限價開倉,57000,0.001747,已成交,0.0199158,57000,99.579,--,2024-08-08T17:08:37+08:00
2024-08-08T16:58:02+08:00,OOOOOGDY,135402741305344,135402741305344,普通合約,BTCUSDT,多,10,限價開倉,57000,0.001747,已成交,0.0199158,57000,99.579,--,2024-08-08T17:08:37+08:00
2024-08-08T16:56:21+08:00,OOOOOGDN,134979749941248,132522978168832,得勁合約,BTCUSDT,多,600,市價平倉,57247.1,0.044378,已成交,0.76215126,57246.9282587,2540.5041822645886,--,2024-08-08T16:56:21+08:00
2024-08-08T16:56:17+08:00,OOOOOGDN,134963635425280,132375904899072,普通合約,BTCUSDT,空,10,市價平倉,57247.2,0.000869,已成交,0.0099496,57247.3717416,49.7479660434504,--,2024-08-08T16:56:17+08:00
2024-08-08T16:56:02+08:00,OOOOOGDN,134899059920896,132360293699584,普通合約,BTCUSDT,多,10,市價平倉,57242.3,0.000869,已成交,0.00994869,57242.1282731,49.7434094693239,--,2024-08-08T16:56:02+08:00
2024-08-08T16:55:25+08:00,OOOOOGDL,134745506451456,,普通合約,BTCUSDT,多,50,限價開倉,57000,0,已取消,0,0,0,2024-08-08T16:55:32+08:00,--
2024-08-08T16:55:23+08:00,OOOOOGDL,134736706654208,,普通合約,BTCUSDT,多,50,限價開倉,57000,0,已取消,0,0,0,2024-08-08T16:55:33+08:00,--
2024-08-08T16:55:20+08:00,OOOOOGDL,134723804975104,134723804975104,普通合約,BTCUSDT,多,50,限價開倉,57000,0.008599,已成交,0.0980286,57000,490.143,--,2024-08-08T17:08:37+08:00
2024-08-08T16:52:25+08:00,OOOOOGDC,133988048703488,,普通合約,SOLUSDT,多,100,限價開倉,150,0,已取消,0,0,0,2024-08-08T16:52:45+08:00,--
2024-08-08T16:52:14+08:00,OOOOOGDC,133944255975424,,普通合約,SOLUSDT,多,100,限價開倉,150,0,已取消,0,0,0,2024-08-08T16:52:20+08:00,--
2024-08-08T16:52:11+08:00,OOOOOGDC,133931282845696,,普通合約,SOLUSDT,多,100,限價開倉,150,0,已取消,0,0,0,2024-08-08T16:52:20+08:00,--
2024-08-08T16:52:09+08:00,OOOOOGDC,133919895457792,,普通合約,SOLUSDT,多,100,限價開倉,150,0,已取消,0,0,0,2024-08-08T16:52:48+08:00,--
2024-08-08T16:50:10+08:00,OOOOOGDC,133424212611072,132661369229312,普通合約,SOLUSDT,多,100,市價平倉,154.621,63.427,已成交,0,154.620536137,9807.116745561499,--,2024-08-08T16:50:10+08:00
2024-08-08T16:49:18+08:00,OOOOOGDN,133203311054848,132542393602048,得勁合約,BTCUSDT,空,700,市價平倉,57308,0.050491,已成交,0.86806408,57308.171924,2893.546908614684,--,2024-08-08T16:49:18+08:00
2024-08-08T16:48:49+08:00,OOOOOGDC,133083844694016,132743510626304,普通合約,SOLUSDT,多,100,市價平倉,154.75,63.451,已成交,0,154.74953575,9819.01279287325,--,2024-08-08T16:48:49+08:00
2024-08-08T16:48:25+08:00,OOOOOGDC,132981235388416,132981235388416,普通合約,SOLUSDT,空,100,市價開倉,0,63.388,已成交,1.96077513,154.66453601,9803.87560860188,--,2024-08-08T16:48:25+08:00
2024-08-08T16:47:28+08:00,OOOOOGDC,132743510626304,132743510626304,普通合約,SOLUSDT,多,100,市價開倉,0,63.451,已成交,1.96077282,154.51078923,9803.86408743273,--,2024-08-08T16:47:28+08:00
2024-08-08T16:47:08+08:00,OOOOOGDC,132661369229312,132661369229312,普通合約,SOLUSDT,多,100,市價開倉,0,63.427,已成交,1.96076445,154.56859383,9803.82220085541,--,2024-08-08T16:47:08+08:00
2024-08-08T16:46:40+08:00,OOOOOGDN,132542393602048,132542393602048,得勁合約,BTCUSDT,空,700,市價開倉,0,0.050491,已成交,0,57287.9281357,2892.5247794996287,--,2024-08-08T16:46:40+08:00
2024-08-08T16:46:35+08:00,OOOOOGDN,132522978168832,132522978168832,得勁合約,BTCUSDT,多,600,市價開倉,0,0.044378,已成交,0,57288.7718658,2542.3611178604724,--,2024-08-08T16:46:35+08:00
2024-08-08T16:46:23+08:00,OOOOOGDN,132471442755584,,普通合約,BTCUSDT,空,10,限價開倉,70000,0,已取消,0,0,0,2024-08-08T16:56:28+08:00,--
2024-08-08T16:46:16+08:00,OOOOOGDN,132440056926208,,普通合約,BTCUSDT,多,10,限價開倉,40000,0,已取消,0,0,0,2024-08-08T16:56:24+08:00,--
2024-08-08T16:46:00+08:00,OOOOOGDN,132375904899072,132375904899072,普通合約,BTCUSDT,空,10,市價開倉,0,0.000869,已成交,0.00995988,57306.5280799,49.7993729014331,--,2024-08-08T16:46:00+08:00
2024-08-08T16:45:57+08:00,OOOOOGDN,132360293699584,132360293699584,普通合約,BTCUSDT,多,10,市價開倉,0,0.000869,已成交,0.00995905,57301.7719048,49.7952397852712,--,2024-08-08T16:45:57+08:00
2024-08-08T16:44:11+08:00,OOOOOGDX,131916942839808,131750311874560,得勁合約,SOLUSDT,空,1000,強制平倉,154.64496066,497.85,已成交,23.0969981,154.64496066,76989.993664581,--,2024-08-08T16:44:11+08:00
2024-08-08T16:43:36+08:00,OOOOOGDX,131771078021120,131771078021120,得勁合約,SOLUSDT,多,1000,市價開倉,0,497.808,已成交,0,154.52346357,76923.01635285456,--,2024-08-08T16:43:36+08:00
2024-08-08T16:43:31+08:00,OOOOOGDX,131750311874560,131750311874560,得勁合約,SOLUSDT,空,1000,市價開倉,0,497.85,已成交,0,154.51053647,76923.0705815895,--,2024-08-08T16:43:31+08:00
2024-08-08T16:43:30+08:00,OOOOOGDX,131745425166336,131603146330112,得勁合約,SOLUSDT,多,1000,強制平倉,154.5239111,4973.738,已成交,230.56843457,154.5239111,768561.4485466918,--,2024-08-08T16:43:30+08:00
2024-08-08T16:43:17+08:00,OOOOOGDX,131692338352128,131535035174912,普通合約,BTCUSDT,多,100,市價平倉,57304,1.710972,已成交,0,57303.828088,98045.245351381536,--,2024-08-08T16:43:17+08:00
2024-08-08T16:42:56+08:00,OOOOOGDX,131603146330112,131603146330112,得勁合約,SOLUSDT,多,1000,市價開倉,0,4973.738,已成交,0,154.65846398,769230.67931895724,--,2024-08-08T16:42:56+08:00
2024-08-08T16:42:40+08:00,OOOOOGDX,131535035174912,131535035174912,普通合約,BTCUSDT,多,100,市價開倉,0,1.710972,已成交,19.60783217,57300.2719003,98039.1608138000916,--,2024-08-08T16:42:40+08:00
2024-08-08T16:42:31+08:00,OOOOOGDX,131495726010368,131147879944192,普通合約,BTCUSDT,空,100,市價平倉,57298.4,0.016775,已成交,0.19223671,57298.5718952,961.18354354198,--,2024-08-08T16:42:31+08:00
2024-08-08T16:42:31+08:00,OOOOOGDX,131495726010369,131183657357312,普通合約,BTCUSDT,多,100,市價平倉,57298.4,0.016776,已成交,0.19224702,57298.2281048,961.2350746861248,--,2024-08-08T16:42:31+08:00
2024-08-08T16:42:05+08:00,OOOOOGDX,131389497020416,130882183368704,普通合約,BTCUSDT,多,100,市價平倉,57306,1.679177,已成交,19.2453257,57305.828082,96226.628481248514,--,2024-08-08T16:42:05+08:00
2024-08-08T16:41:16+08:00,OOOOOGDX,131183657357312,131183657357312,普通合約,BTCUSDT,多,100,市價開倉,0,0.016776,已成交,0.19230631,57315.90057939,961.53154811984664,--,2024-08-08T16:41:16+08:00
2024-08-08T16:41:08+08:00,OOOOOGDX,131147879944192,131147879944192,普通合約,BTCUSDT,空,100,市價開倉,0,0.016775,已成交,0.19230769,57319.7280403,961.5384378760325,--,2024-08-08T16:41:08+08:00
2024-08-08T16:40:11+08:00,OOOOOGDX,130909584609280,130619737378816,得勁合約,BTCUSDT,空,1000,市價平倉,57271.9,13.428715,已成交,230.72709897,57272.0718157,769090.3298725678255,--,2024-08-08T16:40:11+08:00
2024-08-08T16:40:04+08:00,OOOOOGDX,130882183368704,130882183368704,普通合約,BTCUSDT,多,100,市價開倉,0,1.679177,已成交,19.23076512,57262.4717869,96153.8255877113813,--,2024-08-08T16:40:04+08:00
2024-08-08T16:39:36+08:00,OOOOOGDX,130762322595840,130646824194048,得勁合約,BTCUSDT,多,1000,市價平倉,57299.9,13.427884,已成交,230.82423065,57299.7281003,769414.1021623687652,--,2024-08-08T16:39:36+08:00
2024-08-08T16:39:08+08:00,OOOOOGDX,130646824194048,130646824194048,得勁合約,BTCUSDT,多,1000,市價開倉,0,13.427884,已成交,0,57286.0718577,769230.7277208601068,--,2024-08-08T16:39:08+08:00
2024-08-08T16:39:02+08:00,OOOOOGDX,130619737378816,130619737378816,得勁合約,BTCUSDT,空,1000,市價開倉,0,13.428715,已成交,0,57282.5281519,769230.7450313418085,--,2024-08-08T16:39:02+08:00
2024-08-08T16:36:16+08:00,OOOOOOOK,129925571678208,129816540598272,得勁合約,BTCUSDT,多,1000,市價平倉,57259.9,13.436422,已成交,230.8097616,57259.7282203,769365.8719732597666,--,2024-08-08T16:36:16+08:00
2024-08-08T16:35:58+08:00,OOOOOOOK,129850208423936,129567499603968,得勁合約,BTCUSDT,空,1000,市價平倉,57246.7,13.439648,已成交,230.81334159,57246.8717401,769377.8052880914848,--,2024-08-08T16:35:58+08:00
2024-08-08T16:35:50+08:00,OOOOOOOK,129816540598272,129816540598272,得勁合約,BTCUSDT,多,1000,市價開倉,0,13.436422,已成交,0,57249.6717485,769230.748974323867,--,2024-08-08T16:35:50+08:00
2024-08-08T16:35:02+08:00,OOOOOOOK,129612751949824,129525065830400,得勁合約,BTCUSDT,多,1000,市價平倉,57241.9,13.439568,已成交,230.79122988,57241.7282743,769304.0995799775024,--,2024-08-08T16:35:02+08:00
2024-08-08T16:34:51+08:00,OOOOOOOK,129567499603968,129567499603968,得勁合約,BTCUSDT,空,1000,市價開倉,0,13.439648,已成交,0,57235.9282917,769230.7291936893216,--,2024-08-08T16:34:51+08:00
2024-08-08T16:34:41+08:00,OOOOOOOK,129525065830400,129525065830400,得勁合約,BTCUSDT,多,1000,市價開倉,0,13.439568,已成交,0,57236.2717083,769230.7656901740144,--,2024-08-08T16:34:41+08:00
2024-08-08T16:34:19+08:00,OOOOOOOK,129433093132288,129393972858880,得勁合約,BTCUSDT,多,1000,市價平倉,57217.7,13.446004,已成交,230.80413451,57217.5283469,769347.1150225307876,--,2024-08-08T16:34:19+08:00
2024-08-08T16:34:09+08:00,OOOOOOOK,129393972858880,129393972858880,得勁合約,BTCUSDT,多,1000,市價開倉,0,13.446004,已成交,0,57208.8716261,769230.7167200271044,--,2024-08-08T16:34:09+08:00
2024-08-08T14:17:15+08:00,OOOOOGDB,94941280325632,94941280325632,普通合約,BTCUSDT,多,10,市價開倉,0,0.001748,已成交,0.0199115,56955.0708647,99.5574638714956,--,2024-08-08T14:17:15+08:00
2024-08-08T14:14:29+08:00,OOOOOGDQ,94242400374784,58206836232192,普通合約,BTCUSDT,空,100,市價平倉,56936.1,0.16794,已成交,1.91237547,56936.2708083,9561.877319545902,--,2024-08-08T14:14:29+08:00
2024-08-08T11:59:24+08:00,OOOOOGDO,60248882974720,57533134393344,得勁合約,BTCUSDT,空,1000,止盈平倉,57073.4,0.067176,已成交,1.81737501,57073.4,3833.9627184,--,2024-08-08T11:59:24+08:00
2024-08-08T11:53:28+08:00,OOOOOGDQ,58756151152640,58138330517504,得勁合約,BTCUSDT,多,1000,強制平倉,57166.67001337,0.067216,已成交,1.15275447,57166.67001337,3842.51489161867792,--,2024-08-08T11:53:28+08:00
2024-08-08T11:51:17+08:00,OOOOOGDQ,58206836232192,58206836232192,普通合約,BTCUSDT,空,100,市價開倉,0,0.16794,已成交,1.92307518,57254.828235,9615.3758537859,--,2024-08-08T11:51:17+08:00
2024-08-08T11:51:01+08:00,OOOOOGDQ,58138330517504,58138330517504,得勁合約,BTCUSDT,多,1000,市價開倉,0,0.067216,已成交,0,57220.17166,3846.11105829856,--,2024-08-08T11:51:01+08:00
2024-08-08T11:50:57+08:00,OOOOOGDO,58122815442944,57509239590912,得勁合約,BTCUSDT,多,1000,強制平倉,57185.75266337,0.067194,已成交,1.15276184,57185.75266337,3842.53946446248378,--,2024-08-08T11:50:57+08:00
2024-08-08T11:48:37+08:00,OOOOOGDO,57533134393344,57533134393344,得勁合約,BTCUSDT,空,1000,市價開倉,0,0.067176,已成交,0,57254.3282365,3846.116753615124,--,2024-08-08T11:48:36+08:00
2024-08-08T11:48:31+08:00,OOOOOGDO,57509239590912,57509239590912,得勁合約,BTCUSDT,多,1000,市價開倉,0,0.067194,已成交,0,57239.2717173,3846.1356237722562,--,2024-08-08T11:48:31+08:00
2024-08-08T11:48:20+08:00,OOOOOGDO,57462636679168,53817811521536,普通合約,BTCUSDT,多,120,市價平倉,57245.7,0.009959,已成交,0.11402165,57245.5282629,570.1082159702211,--,2024-08-08T11:48:20+08:00
2024-08-08T11:40:44+08:00,OOOOOGAF,55551245717504,44010006384640,普通合約,BTCUSDT,多,499,強制平倉,57207.52614603,0.08709,已成交,0.9964407,57207.52614603,4982.2034520577527,--,2024-08-08T11:40:44+08:00
2024-08-08T11:40:36+08:00,OOOOOGAF,55517703868416,44033838272512,普通合約,BTCUSDT,多,499,強制平倉,57224.992429,0.087063,已成交,0.99643591,57224.992429,4982.179515846027,--,2024-08-08T11:40:36+08:00
2024-08-08T11:40:36+08:00,OOOOOGAF,55517712257024,44040880656384,普通合約,BTCUSDT,多,499,強制平倉,57223.59582652,0.232175,已成交,2.65717768,57223.59582652,13285.888361022281,--,2024-08-08T11:40:36+08:00
2024-08-08T11:40:25+08:00,OOOOOGAF,55471553941504,44047667040256,普通合約,BTCUSDT,多,499,強制平倉,57240.0643101,0.319148,已成交,3.65361041,57240.0643101,18268.0520444397948,--,2024-08-08T11:40:25+08:00
2024-08-08T11:39:54+08:00,OOOOOGAF,55341547294720,45776760475648,普通合約,BTCUSDT,多,499,強制平倉,57271.7039528,0.086992,已成交,0.99643602,57271.7039528,4982.1800702619776,--,2024-08-08T11:39:54+08:00
2024-08-08T11:34:02+08:00,OOOOOGDO,53865374928896,,普通合約,BTCUSDT,空,120,限價開倉,70000,0,已取消,0,0,0,2024-08-08T11:48:22+08:00,--
2024-08-08T11:33:51+08:00,OOOOOGDO,53817811521536,53817811521536,普通合約,BTCUSDT,多,120,市價開倉,0,0.009959,已成交,0.11450136,57486.3724586,572.5067833151974,--,2024-08-08T11:33:51+08:00
2024-08-08T11:32:17+08:00,OOOOOGDO,53424230617088,51426563313664,普通合約,BTCUSDT,多,10,市價平倉,57450.9,0.000866,已成交,0.00995047,57450.7276473,49.7523301425618,--,2024-08-08T11:32:17+08:00
2024-08-08T11:32:17+08:00,OOOOOGDO,53424230617089,51480338485248,普通合約,BTCUSDT,空,120,市價平倉,57450.9,0.00996,已成交,0.11444254,57451.0723527,572.212680632892,--,2024-08-08T11:32:17+08:00
2024-08-08T11:31:41+08:00,OOOOOGDO,53272447291392,51533404819456,得勁合約,BTCUSDT,多,1000,市價平倉,57451.8,0.066928,已成交,1.15353677,57451.6276446,3845.1225349977888,--,2024-08-08T11:31:41+08:00
2024-08-08T11:25:19+08:00,OOOOOGDO,51671808462848,,普通合約,BTCUSDT,空,120,限價開倉,70000,0,已取消,0,0,0,2024-08-08T11:32:03+08:00,--
2024-08-08T11:25:04+08:00,OOOOOGDO,51610202525696,,普通合約,BTCUSDT,多,105,限價開倉,40000,0,已取消,0,0,0,2024-08-08T11:32:13+08:00,--
2024-08-08T11:24:46+08:00,OOOOOGDO,51533404819456,51533404819456,得勁合約,BTCUSDT,多,1000,市價開倉,0,0.066928,已成交,0,57466.9724004,3846.1495288139712,--,2024-08-08T11:24:46+08:00
2024-08-08T11:24:33+08:00,OOOOOGDO,51480338485248,51480338485248,普通合約,BTCUSDT,空,120,市價開倉,0,0.00996,已成交,0.11449325,57476.5275699,572.466214596204,--,2024-08-08T11:24:33+08:00
2024-08-08T11:24:21+08:00,OOOOOGDO,51426563313664,51426563313664,普通合約,BTCUSDT,多,10,市價開倉,0,0.000866,已成交,0.00995348,57468.0724037,49.7673507016042,--,2024-08-08T11:24:21+08:00
2024-08-08T11:01:54+08:00,OOOOOGAF,45776760475648,45776760475648,普通合約,BTCUSDT,多,499,市價開倉,0,0.086992,已成交,0.99832667,57380.3721406,4991.6333332550752,--,2024-08-08T11:01:54+08:00
2024-08-08T11:00:23+08:00,OOOOOOOK,45396839927808,45195174088704,得勁合約,BTCUSDT,空,1000,強制平倉,57381.62976052,1.341805,已成交,23.09848732,57381.62976052,76994.9577208145386,--,2024-08-08T11:00:23+08:00
2024-08-08T11:00:05+08:00,OOOOOOOK,45321363427328,45248508858368,得勁合約,BTCUSDT,多,1000,止盈平倉,57361.5,1.341687,已成交,23.08835366,57361.5,76961.1788505,--,2024-08-08T11:00:05+08:00
2024-08-08T10:59:48+08:00,OOOOOOOK,45248508858368,45248508858368,得勁合約,BTCUSDT,多,1000,市價開倉,0,1.341687,已成交,0,57333.0719987,76923.0373707198069,--,2024-08-08T10:59:48+08:00
2024-08-08T10:59:35+08:00,OOOOOOOK,45195174088704,45195174088704,得勁合約,BTCUSDT,空,1000,市價開倉,0,1.341805,已成交,0,57328.0280154,76923.034631203797,--,2024-08-08T10:59:35+08:00
2024-08-08T10:59:22+08:00,OOOOOOOK,45143185543168,44660823953408,得勁合約,BTCUSDT,多,1000,市價平倉,57323.2,0.134189,已成交,2.30763595,57323.0280304,7692.1198083713456,--,2024-08-08T10:59:22+08:00
2024-08-08T10:59:22+08:00,OOOOOOOK,45143185543169,44705522651136,得勁合約,BTCUSDT,空,1000,市價平倉,57323.2,0.134216,已成交,2.30811411,57323.3719696,7693.7136922718336,--,2024-08-08T10:59:22+08:00
2024-08-08T10:58:29+08:00,OOOOOOOK,44918701854720,44793690968064,得勁合約,BTCUSDT,多,1000,止損平倉,57314.7,1.34198,已成交,23.07455434,57314.7,76915.181106,--,2024-08-08T10:58:29+08:00
2024-08-08T10:58:18+08:00,OOOOOOOK,44872564510720,44835739013120,得勁合約,BTCUSDT,空,1000,止損平倉,57332.1,1.341847,已成交,23.07927192,57332.1,76930.9063887,--,2024-08-08T10:58:18+08:00
2024-08-08T10:58:09+08:00,OOOOOOOK,44835739013120,44835739013120,得勁合約,BTCUSDT,空,1000,市價開倉,0,1.341847,已成交,0,57326.2280208,76923.0270910264176,--,2024-08-08T10:58:09+08:00
2024-08-08T10:57:59+08:00,OOOOOOOK,44793690968064,44793690968064,得勁合約,BTCUSDT,多,1000,市價開倉,0,1.34198,已成交,0,57320.5719612,76923.061160491176,--,2024-08-08T10:57:59+08:00
2024-08-08T10:57:38+08:00,OOOOOOOK,44705522651136,44705522651136,得勁合約,BTCUSDT,空,1000,市價開倉,0,0.134216,已成交,0,57312.7280613,7692.2851094754408,--,2024-08-08T10:57:38+08:00
2024-08-08T10:57:28+08:00,OOOOOOOK,44660823953408,44660823953408,得勁合約,BTCUSDT,多,1000,市價開倉,0,0.134189,已成交,0,57324.171972,7692.273312750708,--,2024-08-08T10:57:27+08:00
2024-08-08T10:55:01+08:00,OOOOOGAF,44047667040256,44047667040256,普通合約,BTCUSDT,多,499,市價開倉,0,0.319148,已成交,3.6605428,57348.6720455,18302.713985977234,--,2024-08-08T10:55:01+08:00
2024-08-08T10:55:00+08:00,OOOOOGAF,44040880656384,44040880656384,普通合約,BTCUSDT,多,499,市價開倉,0,0.232175,已成交,2.66221941,57332.171996,13311.0970331713,--,2024-08-08T10:55:00+08:00
2024-08-08T10:54:58+08:00,OOOOOGAF,44033838272512,44033838272512,普通合約,BTCUSDT,多,499,市價開倉,0,0.087063,已成交,0.99832656,57333.5720002,4991.6327790534126,--,2024-08-08T10:54:58+08:00
2024-08-08T10:54:52+08:00,OOOOOGAF,44010006384640,44010006384640,普通合約,BTCUSDT,多,499,市價開倉,0,0.08709,已成交,0.99833135,57316.0719477,4991.656705925193,--,2024-08-08T10:54:52+08:00
2024-08-08T10:54:37+08:00,OOOOOOOK,43943757352960,41567969202176,得勁合約,BTCUSDT,多,1000,市價平倉,57309,1.343578,已成交,23.09966419,57308.828073,76998.880604665194,--,2024-08-08T10:54:37+08:00
2024-08-08T10:54:37+08:00,OOOOOOOK,43943757352961,41687385378816,得勁合約,BTCUSDT,多,1000,市價平倉,57309,1.343757,已成交,23.10274167,57308.828073,77009.138884890261,--,2024-08-08T10:54:37+08:00
2024-08-08T10:54:37+08:00,OOOOOOOK,43943757352962,41703784960000,得勁合約,BTCUSDT,多,1000,市價平倉,57309,1.343989,已成交,23.10673036,57308.828073,77022.434533003197,--,2024-08-08T10:54:37+08:00
2024-08-08T10:54:37+08:00,OOOOOOOK,43943757352963,43912924876800,得勁合約,BTCUSDT,多,1000,市價平倉,57309,1.342176,已成交,23.07556009,57308.828073,76918.533627706848,--,2024-08-08T10:54:37+08:00
2024-08-08T10:54:29+08:00,OOOOOOOK,43912924876800,43912924876800,得勁合約,BTCUSDT,多,1000,市價開倉,0,1.342176,已成交,0,57312.171936,76923.021680372736,--,2024-08-08T10:54:29+08:00
2024-08-08T10:51:57+08:00,OOOOOOOK,43274648424448,42068123324416,普通合約,BTCUSDT,多,1,市價平倉,57340.1,0.001747,已成交,0.02003458,57339.9279797,100.1728541805359,--,2024-08-08T10:51:57+08:00
2024-08-08T10:47:09+08:00,OOOOOOOK,42068123324416,42068123324416,普通合約,BTCUSDT,多,1,市價開倉,0,0.001747,已成交,0.01998864,57208.46124797,99.94318180020359,--,2024-08-08T10:47:09+08:00
2024-08-08T10:45:42+08:00,OOOOOOOK,41703784960000,41703784960000,得勁合約,BTCUSDT,多,1000,市價開倉,0,1.343989,已成交,0,57234.8717041,76923.0379867216549,--,2024-08-08T10:45:42+08:00
2024-08-08T10:45:39+08:00,OOOOOOOK,41687385378816,41687385378816,得勁合約,BTCUSDT,多,1000,市價開倉,0,1.343757,已成交,0,57244.7717338,76923.0627306958866,--,2024-08-08T10:45:39+08:00
2024-08-08T10:45:10+08:00,OOOOOOOK,41567969202176,41567969202176,得勁合約,BTCUSDT,多,1000,市價開倉,0,1.343578,已成交,0,57252.3717566,76923.0271399891148,--,2024-08-08T10:45:10+08:00
2024-08-07T15:12:59+08:00,OOOOOFHC,108967515013120,108947815116800,得勁合約,BTCUSDT,多,1000,市價平倉,56812.1,0.067692,已成交,1.15371395,56811.9295637,3845.7131360259804,--,2024-08-07T15:12:59+08:00
2024-08-07T15:12:55+08:00,OOOOOFHC,108947815116800,108947815116800,得勁合約,BTCUSDT,多,1000,市價開倉,0,0.067692,已成交,0,56818.2704543,3846.1423635924756,--,2024-08-07T15:12:55+08:00
2024-08-07T14:45:44+08:00,OOOOOGAG,1551658511138816,1546881790656512,得勁合約,BTCUSDT,多,1000,強制平倉,56750.7587828,4.082874,已成交,69.51185926,56750.7587828,231706.1975145657672,--,2024-08-07T14:45:44+08:00
2024-08-07T14:45:43+08:00,OOOOOGAN,1551653905793024,1546924614340608,得勁合約,BTCUSDT,多,1000,強制平倉,56758.15188288,4.082342,已成交,69.51185619,56758.15188288,231706.18727386010496,--,2024-08-07T14:45:43+08:00
2024-08-07T14:45:43+08:00,OOOOOGAL,1551653909987328,1547066633633792,得勁合約,BTCUSDT,多,1000,強制平倉,56755.35448883,4.082543,已成交,69.51185256,56755.35448883,231706.17518089149469,--,2024-08-07T14:45:43+08:00
2024-08-07T14:37:18+08:00,OOOOOGAR,1549536210092032,1546969732468736,得勁合約,BTCUSDT,多,1000,強制平倉,56769.8409882,4.081502,已成交,69.51186586,56769.8409882,231706.2195330202764,--,2024-08-07T14:37:18+08:00
2024-08-07T14:36:55+08:00,OOOOOGAH,1549439355224064,1547191736979456,得勁合約,BTCUSDT,多,1000,強制平倉,56795.91666062,4.079628,已成交,69.51186357,56795.91666062,231706.21189433184936,--,2024-08-07T14:36:55+08:00
2024-08-07T14:34:19+08:00,OOOOOGAA,1548785018634240,1547245524733952,得勁合約,BTCUSDT,多,1000,強制平倉,56810.50304417,4.07858,已成交,69.51185446,56810.50304417,231706.1815058908786,--,2024-08-07T14:34:19+08:00
2024-08-07T14:30:10+08:00,OOOOOGAI,1547741098311680,1547362675838976,得勁合約,BTCUSDT,多,1000,強制平倉,56816.99698899,4.078114,已成交,69.51185726,56816.99698899,231706.19085875796486,--,2024-08-07T14:30:10+08:00
2024-08-07T14:28:40+08:00,OOOOOGAI,1547362675838976,1547362675838976,得勁合約,BTCUSDT,多,1000,市價開倉,0,4.078114,已成交,0,56870.17061,231923.03894702954,--,2024-08-07T14:28:40+08:00
2024-08-07T14:28:12+08:00,OOOOOGAA,1547245524733952,1547245524733952,得勁合約,BTCUSDT,多,1000,市價開倉,0,4.07858,已成交,0,56863.6705905,231923.02959700149,--,2024-08-07T14:28:12+08:00
2024-08-07T14:27:59+08:00,OOOOOGAH,1547191736979456,1547191736979456,得勁合約,BTCUSDT,多,1000,市價開倉,0,4.079628,已成交,0,56849.0705467,231923.0599762926276,--,2024-08-07T14:27:59+08:00
2024-08-07T14:27:29+08:00,OOOOOGAL,1547066633633792,1547066633633792,得勁合約,BTCUSDT,多,1000,市價開倉,0,4.082543,已成交,0,56808.4704249,231923.0232738825207,--,2024-08-07T14:27:29+08:00
2024-08-07T14:27:06+08:00,OOOOOGAR,1546969732468736,1546969732468736,得勁合約,BTCUSDT,多,1000,市價開倉,0,4.081502,已成交,0,56822.9704684,231923.0676127155368,--,2024-08-07T14:27:06+08:00
2024-08-07T14:26:55+08:00,OOOOOGAN,1546924614340608,1546924614340608,得勁合約,BTCUSDT,多,1000,市價開倉,0,4.082342,已成交,0,56811.2704333,231923.0353632187886,--,2024-08-07T14:26:55+08:00
2024-08-07T14:26:45+08:00,OOOOOGAG,1546881790656512,1546881790656512,得勁合約,BTCUSDT,多,1000,市價開倉,0,4.082874,已成交,0,56803.8704111,231923.0456008495014,--,2024-08-07T14:26:45+08:00
2024-08-06T22:10:55+08:00,OOOOOFHC,1301307526643712,1139613668331520,普通合約,BTCUSDT,空,100,強制平倉,56219.7584667,0.008632,已成交,0.0970578,56219.7584667,485.2889550845544,--,2024-08-06T22:10:55+08:00
2024-08-06T18:16:29+08:00,OOOOOKPM,1242310429802496,1241235362795520,得勁合約,BTCUSDT,空,1000,止盈平倉,55016.4,4.780658,已成交,124.3375186,55016.4,263014.5927912,--,2024-08-06T18:16:29+08:00
2024-08-06T18:12:13+08:00,OOOOOKPM,1241235362795520,1241235362795520,得勁合約,BTCUSDT,空,1000,市價開倉,0,4.780658,已成交,0,55190.3344285,263846.113808283953,--,2024-08-06T18:12:13+08:00
2024-08-06T16:34:27+08:00,OOOOOFHC,1216632472895488,1139553211633664,普通合約,BTCUSDT,多,100,強制平倉,55137.68658222,0.008636,已成交,0.09523382,55137.68658222,476.16906132405192,--,2024-08-06T16:34:27+08:00
2024-08-06T11:28:25+08:00,OOOOOFHC,1139613668331520,1139613668331520,普通合約,BTCUSDT,空,100,限價開倉,55691.2,0.008632,已成交,0.09614529,55691.2,480.7264384,--,2024-08-06T11:28:44+08:00
2024-08-06T11:28:10+08:00,OOOOOFHC,1139553211633664,1139553211633664,普通合約,BTCUSDT,多,100,限價開倉,55666,0.008636,已成交,0.09614632,55666,480.731576,--,2024-08-06T11:41:05+08:00
2024-08-06T11:27:53+08:00,OOOOOFHC,1139479609987072,,普通合約,BTCUSDT,空,100,限價開倉,55724,0,已取消,0,0,0,2024-08-06T11:28:40+08:00,--
2024-08-06T11:27:30+08:00,OOOOOFHC,1139383963078656,1139219357777920,普通合約,BTCUSDT,多,100,市價平倉,55704.4,0.008623,已成交,0.09606753,55704.2328868,480.3376001828764,--,2024-08-06T11:27:30+08:00
2024-08-06T11:27:30+08:00,OOOOOFHC,1139383963078657,1139241012969472,普通合約,BTCUSDT,空,100,市價平倉,55704.4,0.008624,已成交,0.09607924,55704.5671132,480.3961867842368,--,2024-08-06T11:27:30+08:00
2024-08-06T11:26:56+08:00,OOOOOFHC,1139241012969472,1139241012969472,普通合約,BTCUSDT,空,100,限價開倉,55746,0.008624,已成交,0.09615042,55745.832762,480.752061739488,--,2024-08-06T11:26:56+08:00
2024-08-06T11:26:51+08:00,OOOOOFHC,1139219357777920,1139219357777920,普通合約,BTCUSDT,多,100,限價開倉,55748.2,0.008623,已成交,0.09614335,55748.2,480.7167286,--,2024-08-06T11:26:54+08:00
2024-08-05T09:10:32+08:00,OOOOOGAJ,742529081180160,153646396411904,普通合約,BTCUSDT,多,10,強制平倉,54300.50843374,0.00083,已成交,0.00901389,54300.50843374,45.0694220000042,--,2024-08-05T09:10:32+08:00
2024-08-05T01:11:00+08:00,OOOOOGAJ,621850126090240,153576636747776,普通合約,BTCUSDT,多,10,強制平倉,58258.4105939,0.000773,已成交,0.00900676,58258.4105939,45.0337513890847,--,2024-08-05T01:11:00+08:00
2024-08-05T01:10:56+08:00,OOOOOGAV,621833785081856,156085291913216,普通合約,BTCUSDT,多,10,強制平倉,58298.82375546,0.015461,已成交,0.18027163,58298.82375546,901.35811408316706,--,2024-08-05T01:10:56+08:00
2024-08-02T22:52:50+08:00,OOOOOOOG,587076815777792,401714214703104,得勁合約,BTCUSDT,多,1000,強制平倉,63740.53774779,0.060284,已成交,1.15276038,63740.53774779,3842.53457758777236,--,2024-08-02T22:52:50+08:00
2024-08-02T22:44:05+08:00,OOOOOGAO,584875259162624,135493491019776,普通合約,BTCUSDT,多,100,強制平倉,63880.15924578,0.149093,已成交,1.90481692,63880.15924578,9524.08458243107754,--,2024-08-02T22:44:05+08:00
2024-08-02T21:32:59+08:00,OOOOOGAO,566982366687232,136103423610880,普通合約,BTCUSDT,空,100,強制平倉,65144.8226562,0.149,已成交,1.94131572,65144.8226562,9706.5785757738,--,2024-08-02T21:32:59+08:00
2024-08-02T19:38:41+08:00,OOOOOGAF,175829707829248,175818057781248,得勁合約,BTCUSDT,多,1000,市價平倉,64683.2,11.89195,已成交,230.76212179,64683.0059504,769207.07261185928,--,2024-08-02T19:38:41+08:00
2024-08-02T19:38:38+08:00,OOOOOGAF,175818057781248,175818057781248,得勁合約,BTCUSDT,多,1000,市價開倉,0,11.89195,已成交,0,64684.9940544,769230.71504522208,--,2024-08-02T19:38:38+08:00
2024-08-02T18:20:13+08:00,OOOOOGAV,156085291913216,156085291913216,普通合約,BTCUSDT,多,10,市價開倉,0,0.015461,已成交,0.19919394,64418.193254,995.969685900094,--,2024-08-02T18:20:13+08:00
2024-08-02T18:10:44+08:00,OOOOOGAJ,153698563436544,,普通合約,BTCUSDT,空,10,限價開倉,70000,0,委託中,0.009954,0,0,--,--
2024-08-02T18:10:32+08:00,OOOOOGAJ,153646396411904,153646396411904,普通合約,BTCUSDT,多,10,限價開倉,60000,0.00083,已成交,0.00996,60000,49.8,--,2024-08-04T03:28:44+08:00
2024-08-02T18:10:22+08:00,OOOOOGAJ,153605791354880,153605791354880,普通合約,BTCUSDT,空,10,市價開倉,0,0.000773,已成交,0.0099519,64371.9068837,49.7594840211001,--,2024-08-02T18:10:22+08:00
2024-08-02T18:10:15+08:00,OOOOOGAJ,153576636747776,153576636747776,普通合約,BTCUSDT,多,10,市價開倉,0,0.000773,已成交,0.00995287,64378.193134,49.764343292582,--,2024-08-02T18:10:15+08:00
2024-08-02T18:09:25+08:00,OOOOOGAJ,153368085835776,152370975674368,普通合約,BTCUSDT,多,10,市價平倉,64375.7,0.015459,已成交,0.1990362,64375.5068729,995.1809607481611,--,2024-08-02T18:09:25+08:00
2024-08-02T18:09:22+08:00,OOOOOGAJ,153353015701504,152410645401600,普通合約,BTCUSDT,空,10,市價平倉,64383.7,0.015456,已成交,0.1990235,64383.8931511,995.1174525434016,--,2024-08-02T18:09:22+08:00
2024-08-02T18:06:00+08:00,OOOOOGAJ,152508769415168,,普通合約,BTCUSDT,空,10,限價開倉,70000,0,已取消,0,0,0,2024-08-02T18:09:28+08:00,--
2024-08-02T18:05:50+08:00,OOOOOGAJ,152464370241536,,普通合約,BTCUSDT,多,10,限價開倉,60000,0,已取消,0,0,0,2024-08-02T18:09:31+08:00,--
2024-08-02T18:05:37+08:00,OOOOOGAJ,152410645401600,152410645401600,普通合約,BTCUSDT,空,10,市價開倉,0,0.015456,已成交,0.19919355,64438.9066827,995.9677416878112,--,2024-08-02T18:05:37+08:00
2024-08-02T18:05:28+08:00,OOOOOGAJ,152370975674368,152370975674368,普通合約,BTCUSDT,多,10,市價開倉,0,0.015459,已成交,0.19919507,64426.8932801,995.9753432170659,--,2024-08-02T18:05:28+08:00
2024-08-02T17:17:26+08:00,OOOOOKPT,140285844049920,140240306491392,得勁合約,BTCUSDT,多,1000,市價平倉,64421.2,11.939739,已成交,230.75100197,64421.0067364,769170.0065498577996,--,2024-08-02T17:17:26+08:00
2024-08-02T17:17:15+08:00,OOOOOKPT,140240306491392,140240306491392,得勁合約,BTCUSDT,多,1000,市價開倉,0,11.939739,已成交,0,64426.0932777,769230.7385253925203,--,2024-08-02T17:17:15+08:00
2024-08-02T17:00:49+08:00,OOOOOGAO,136103423610880,136103423610880,普通合約,BTCUSDT,空,100,市價開倉,0,0.149,已成交,1.92306572,64532.4064022,9615.3285539278,--,2024-08-02T17:00:49+08:00
2024-08-02T16:58:24+08:00,OOOOOGAO,135493491019776,135493491019776,普通合約,BTCUSDT,多,100,市價開倉,0,0.149093,已成交,1.92306693,64492.193476,9615.334601917268,--,2024-08-02T16:58:24+08:00
2024-08-02T16:47:41+08:00,OOOOOKPT,132797380923392,130220940513280,普通合約,BTCUSDT,多,100,市價平倉,64385.4,0.00747,已成交,0.0961915,64385.2068438,480.957495123186,--,2024-08-02T16:47:41+08:00
2024-08-02T16:47:32+08:00,OOOOOKPT,132761792253952,130231641280512,普通合約,BTCUSDT,空,100,市價平倉,64402.7,0.00747,已成交,0.09621793,64402.8932081,481.089612264507,--,2024-08-02T16:47:32+08:00
2024-08-02T16:44:55+08:00,OOOOOFHC,132102257823744,,普通合約,BTCUSDT,多,100,限價開倉,1000,0,已取消,0,0,0,2024-08-02T16:44:58+08:00,--
2024-08-02T16:42:15+08:00,OOOOOKPE,131431395676160,130506326249472,得勁合約,BTCUSDT,多,1000,市價平倉,0,1.195068,已成交,0,64367.0931007,76923.0532176673476,--,2024-08-02T16:42:15+08:00
2024-08-02T16:38:35+08:00,OOOOOKPE,130506326249472,130506326249472,得勁合約,BTCUSDT,多,1000,市價開倉,0,1.195068,已成交,0,64367.0931007,76923.0532176673476,--,2024-08-02T16:38:35+08:00
2024-08-02T16:38:16+08:00,OOOOOKPE,492815051091968,129583243825152,得勁合約,BTCUSDT,多,1000,強制平倉,64316.50091102,1.19489,已成交,23.05534314,64316.50091102,76851.1437735686878,--,2024-08-02T16:38:16+08:00
2024-08-02T16:37:54+08:00,OOOOOKPT,130334568402944,,普通合約,BTCUSDT,空,100,限價開倉,70000,0,已取消,0,0,0,2024-08-02T16:47:34+08:00,--
2024-08-02T16:37:43+08:00,OOOOOKPT,130291045208064,,普通合約,BTCUSDT,多,100,限價開倉,60000,0,已取消,0,0,0,2024-08-02T16:47:47+08:00,--
2024-08-02T16:37:29+08:00,OOOOOKPT,130231641280512,130231641280512,普通合約,BTCUSDT,空,100,市價開倉,0,0.00747,已成交,0.09615057,64357.806926,480.75281773722,--,2024-08-02T16:37:29+08:00
2024-08-02T16:37:27+08:00,OOOOOKPT,130220940513280,130220940513280,普通合約,BTCUSDT,多,100,市價開倉,0,0.00747,已成交,0.09614233,64352.2930563,480.711629130561,--,2024-08-02T16:37:27+08:00
2024-08-02T16:35:33+08:00,OOOOOKPE,492131387928576,129058224918528,得勁合約,BTCUSDT,空,1000,強制平倉,64395.26035449,1.195662,已成交,23.09848974,64395.26035449,76994.96578597022238,--,2024-08-02T16:35:33+08:00
2024-08-02T16:34:55+08:00,OOOOOKPE,129583243825152,129583243825152,得勁合約,BTCUSDT,多,1000,市價開倉,0,1.19489,已成交,0,64376.6931295,76923.066853508255,--,2024-08-02T16:34:55+08:00
2024-08-02T16:34:16+08:00,OOOOOKPE,491809315713024,127198004957184,得勁合約,BTCUSDT,多,1000,止盈平倉,64381.8,1.198356,已成交,34.49094302,64381.8,77152.3163208,--,2024-08-02T16:34:16+08:00
2024-08-02T16:32:49+08:00,OOOOOKPE,129058224918528,129058224918528,得勁合約,BTCUSDT,空,1000,市價開倉,0,1.195662,已成交,0,64335.1069941,76923.0426987795942,--,2024-08-02T16:32:49+08:00
2024-08-02T16:28:46+08:00,OOOOOFHC,128037516972032,,普通合約,BTCUSDT,多,100,限價開倉,64055.2,0,已取消,0,0,0,2024-08-02T16:28:49+08:00,--
2024-08-02T16:25:26+08:00,OOOOOKPE,127198004957184,127198004957184,得勁合約,BTCUSDT,多,1000,市價開倉,0,1.198356,已成交,0,64190.4925709,76923.0619152934404,--,2024-08-02T16:25:26+08:00
2024-08-02T16:21:05+08:00,OOOOOKPE,126104847699968,126077601501184,得勁合約,BTCUSDT,多,1000,市價平倉,64050,1.200861,已成交,23.0744749,64049.80785,76914.91630455885,--,2024-08-02T16:21:05+08:00
2024-08-02T16:20:59+08:00,OOOOOKPE,126077601501184,126077601501184,得勁合約,BTCUSDT,多,1000,市價開倉,0,1.200861,已成交,0,64056.5921692,76923.0633288976812,--,2024-08-02T16:20:59+08:00
2024-08-02T16:16:43+08:00,OOOOOFHC,125004892573696,124821856243712,得勁合約,BTCUSDT,多,1000,市價平倉,0,12.005931,已成交,0,64070.8922121,769230.7110069099651,--,2024-08-02T16:16:43+08:00
2024-08-02T16:15:59+08:00,OOOOOFHC,124821856243712,124821856243712,得勁合約,BTCUSDT,多,1000,市價開倉,0,12.005931,已成交,0,64070.8922121,769230.7110069099651,--,2024-08-02T16:15:59+08:00
2024-08-02T16:11:05+08:00,OOOOOFHC,123585330384896,123228280770560,得勁合約,BTCUSDT,空,1000,市價平倉,64210.1,0.059825,已成交,1.15241423,64210.2926303,3841.3807566076975,--,2024-08-02T16:11:05+08:00
2024-08-02T16:10:57+08:00,OOOOOFHC,485940578447360,123215812202496,得勁合約,BTCUSDT,多,1000,強制平倉,64229.98032558,0.059824,已成交,1.15274831,64229.98032558,3842.49434299749792,--,2024-08-02T16:10:57+08:00
2024-08-02T16:09:39+08:00,OOOOOFHC,123228280770560,123228280770560,得勁合約,BTCUSDT,空,1000,市價開倉,0,0.059825,已成交,0,64289.6071306,3846.125746588145,--,2024-08-02T16:09:39+08:00
2024-08-02T16:09:36+08:00,OOOOOFHC,123215812202496,123215812202496,得勁合約,BTCUSDT,多,1000,市價開倉,0,0.059824,已成交,0,64290.0928697,3846.0905158369328,--,2024-08-02T16:09:36+08:00
2024-08-02T16:06:59+08:00,OOOOOFHC,122553937350656,122238236282880,得勁合約,BTCUSDT,多,1000,市價平倉,0,11.993857,已成交,0,64135.3924056,769230.7251516523992,--,2024-08-02T16:06:59+08:00
2024-08-02T16:05:43+08:00,OOOOOFHC,122238236282880,122238236282880,得勁合約,BTCUSDT,多,1000,市價開倉,0,11.993857,已成交,0,64135.3924056,769230.7251516523992,--,2024-08-02T16:05:43+08:00
2024-08-02T16:05:08+08:00,OOOOOFHC,122090768748544,120993872084992,普通合約,BTCUSDT,多,1,市價平倉,0,0.015576,已成交,0,64172.5925172,999.5523010479072,--,2024-08-02T16:05:08+08:00
2024-08-02T16:00:47+08:00,OOOOOFHC,120993872084992,120993872084992,普通合約,BTCUSDT,多,1,市價開倉,0,0.015576,已成交,0.19991047,64172.5925172,999.5523010479072,--,2024-08-02T16:00:47+08:00
2024-08-02T16:00:43+08:00,OOOOOFHC,120979255562240,120515679485952,得勁合約,BTCUSDT,空,1000,市價平倉,64172,0.059921,已成交,1.15357859,64172.192516,3845.261947751236,--,2024-08-02T16:00:43+08:00
2024-08-02T16:00:37+08:00,OOOOOFHC,120954865057792,120769577484288,普通合約,BTCUSDT,多,1,市價平倉,64163.1,0.01558,已成交,0.19993162,64162.9075107,999.658099016706,--,2024-08-02T16:00:37+08:00
2024-08-02T15:59:53+08:00,OOOOOFHC,120769577484288,120769577484288,普通合約,BTCUSDT,多,1,市價開倉,0,0.01558,已成交,0.19990852,64155.4924659,999.542572618722,--,2024-08-02T15:59:53+08:00
2024-08-02T15:59:14+08:00,OOOOOFHC,482991986929664,120506456211456,得勁合約,BTCUSDT,多,1000,強制平倉,64127.37641624,0.05992,已成交,1.15275372,64127.37641624,3842.5123948611008,--,2024-08-02T15:59:14+08:00
2024-08-02T15:58:53+08:00,OOOOOFHC,120515679485952,120515679485952,得勁合約,BTCUSDT,空,1000,市價開倉,0,0.059921,已成交,0,64186.9074387,3846.1436806343427,--,2024-08-02T15:58:53+08:00
2024-08-02T15:58:51+08:00,OOOOOFHC,120506456211456,120506456211456,得勁合約,BTCUSDT,多,1000,市價開倉,0,0.05992,已成交,0,64187.3925616,3846.108562291072,--,2024-08-02T15:58:50+08:00
2024-08-02T15:58:29+08:00,OOOOOFHC,120417474678784,120370662051840,得勁合約,BTCUSDT,多,1000,市價平倉,64190.2,0.059978,已成交,1.15499648,64190.0074294,3849.9882656005532,--,2024-08-02T15:58:29+08:00
2024-08-02T15:58:26+08:00,OOOOOFHC,120405138604032,120388160061440,得勁合約,BTCUSDT,空,1000,市價平倉,64198.5,0.059966,已成交,1.15492165,64198.6925955,3849.738800181753,--,2024-08-02T15:58:26+08:00
2024-08-02T15:58:22+08:00,OOOOOFHC,120388160061440,120388160061440,得勁合約,BTCUSDT,空,1000,市價開倉,0,0.059966,已成交,0,64138.9075827,3846.1537321041882,--,2024-08-02T15:58:22+08:00
2024-08-02T15:58:18+08:00,OOOOOFHC,120370662051840,120370662051840,得勁合約,BTCUSDT,多,1000,市價開倉,0,0.059978,已成交,0,64125.192375,3846.10078826775,--,2024-08-02T15:58:18+08:00
2024-08-02T15:35:34+08:00,OOOOOFHC,477036104609792,474685365129216,得勁合約,SOLUSDT,多,1000,止盈平倉,161.899,23.821,已成交,1.57835052,161.899,3856.596079,--,2024-08-02T15:35:34+08:00
2024-08-02T15:27:02+08:00,OOOOOFHC,474889015226368,474786783399936,得勁合約,SOLUSDT,空,1000,強制平倉,161.56495768,23.826,已成交,1.15483401,161.56495768,3849.44668168368,--,2024-08-02T15:27:02+08:00
2024-08-02T15:26:38+08:00,OOOOOFHC,474786783399936,474786783399936,得勁合約,SOLUSDT,空,1000,市價開倉,0,23.826,已成交,0,161.42451573,3846.10051178298,--,2024-08-02T15:26:37+08:00
2024-08-02T15:26:13+08:00,OOOOOFHC,474685365129216,474685365129216,得勁合約,SOLUSDT,多,1000,市價開倉,0,23.821,已成交,0,161.45848438,3846.10255641598,--,2024-08-02T15:26:13+08:00
2024-08-02T14:00:46+08:00,OOOOOFHC,453178878291968,422115602960384,普通合約,SOLUSDT,空,1,止盈平倉,162.069,0.607,已成交,0.01967518,162.069,98.375883,--,2024-08-02T14:00:46+08:00
2024-08-02T13:41:33+08:00,OOOOOFHC,448344666247168,422007675129856,普通合約,SOLUSDT,多,1,市價平倉,163.278,0.607,已成交,0.01982189,163.277510166,99.109448670762,--,2024-08-02T13:41:33+08:00
2024-08-02T13:41:31+08:00,OOOOOFHC,448336254115840,422646647984128,普通合約,SOLUSDT,多,1,市價平倉,163.331,0.608,已成交,0.019861,163.330510007,99.304950084256,--,2024-08-02T13:41:31+08:00
2024-08-02T13:41:30+08:00,OOOOOFHC,448329130545152,424971210952704,普通合約,SOLUSDT,多,1,市價平倉,163.352,0.304,已成交,0.00993178,163.351509944,49.658859022976,--,2024-08-02T13:41:29+08:00
2024-08-02T12:08:41+08:00,OOOOOFHC,424971210952704,424971210952704,普通合約,SOLUSDT,多,1,市價開倉,0,0.304,已成交,0.00997415,164.04849215,49.8707416136,--,2024-08-02T12:08:41+08:00
2024-08-02T11:59:26+08:00,OOOOOFHC,422646647984128,422646647984128,普通合約,SOLUSDT,多,1,市價開倉,0,0.608,已成交,0.01999135,164.40249321,99.95671587168,--,2024-08-02T11:59:26+08:00
2024-08-02T11:57:20+08:00,OOOOOFHC,422115602960384,422115602960384,普通合約,SOLUSDT,空,1,市價開倉,0,0.607,已成交,0.01996648,164.4685066,99.8323835062,--,2024-08-02T11:57:20+08:00
2024-08-02T11:56:54+08:00,OOOOOFHC,422007675129856,422007675129856,普通合約,SOLUSDT,多,1,市價開倉,0,0.607,已成交,0.01996114,164.42449328,99.80566742096,--,2024-08-02T11:56:54+08:00
2024-08-02T11:56:07+08:00,OOOOOFHC,421809674481664,420862396899328,得勁合約,SOLUSDT,多,1000,止損平倉,164.461,4680.969,已成交,230.95105282,164.461,769836.842709,--,2024-08-02T11:56:07+08:00
2024-08-02T11:53:47+08:00,OOOOOFHC,421222471921664,420824919150592,得勁合約,SOLUSDT,空,1000,強制平倉,164.4874867,4680.599,已成交,230.96998973,164.4874867,769899.9657605333,--,2024-08-02T11:53:47+08:00
2024-08-02T11:52:21+08:00,OOOOOFHC,420862396899328,420862396899328,得勁合約,SOLUSDT,多,1000,市價開倉,0,4680.969,已成交,0,164.331493,769230.624456717,--,2024-08-02T11:52:21+08:00
2024-08-02T11:52:12+08:00,OOOOOFHC,420824919150592,420824919150592,得勁合約,SOLUSDT,空,1000,市價開倉,0,4680.599,已成交,0,164.34450697,769230.73497927503,--,2024-08-02T11:52:12+08:00
2024-08-02T11:52:08+08:00,OOOOOFHC,420806954946560,420717335252992,得勁合約,SOLUSDT,多,1000,市價平倉,164.309,46.854,已成交,2.30955324,164.308507073,7698.510790398342,--,2024-08-02T11:52:08+08:00
2024-08-02T11:52:06+08:00,OOOOOFHC,420798843023360,420731071598592,得勁合約,SOLUSDT,空,1000,強制平倉,164.30032584,46.859,已成交,2.3096847,164.30032584,7698.94896853656,--,2024-08-02T11:52:06+08:00
2024-08-02T11:51:50+08:00,OOOOOFHC,420731071598592,420731071598592,得勁合約,SOLUSDT,空,1000,市價開倉,0,46.859,已成交,0,164.15750753,7692.25664534827,--,2024-08-02T11:51:50+08:00
2024-08-02T11:51:46+08:00,OOOOOFHC,420717335252992,420717335252992,得勁合約,SOLUSDT,多,1000,市價開倉,0,46.854,已成交,0,164.17449253,7692.23167300062,--,2024-08-02T11:51:46+08:00
2024-08-02T11:51:34+08:00,OOOOOFHC,420664455110656,416913761673216,普通合約,BTCUSDT,多,1,市價平倉,64444.6,0.000774,已成交,0.009976,64444.4066662,49.8799707596388,--,2024-08-02T11:51:34+08:00
2024-08-02T11:38:44+08:00,OOOOOOOG,417435007021056,416582389043200,得勁合約,BTCUSDT,多,1000,強制平倉,64432.59260548,1.192737,已成交,23.05534117,64432.59260548,76851.13720648239876,--,2024-08-02T11:38:44+08:00
2024-08-02T11:38:36+08:00,OOOOOOOG,417401452589056,416379678330880,得勁合約,BTCUSDT,多,1000,強制平倉,64448.47758521,0.059622,已成交,1.15276414,64448.47758521,3842.54713058539062,--,2024-08-02T11:38:36+08:00
2024-08-02T11:36:40+08:00,OOOOOFHC,416913761673216,416913761673216,普通合約,BTCUSDT,多,1,市價開倉,0,0.000774,已成交,0.00998392,64495.5934862,49.9195893583188,--,2024-08-02T11:36:39+08:00
2024-08-02T11:35:21+08:00,OOOOOOOG,416582389043200,416582389043200,得勁合約,BTCUSDT,多,1000,市價開倉,0,1.192737,已成交,0,64492.8934781,76923.0602883885597,--,2024-08-02T11:35:20+08:00
2024-08-02T11:34:50+08:00,OOOOOOOG,416453544079360,415940102688768,得勁合約,BTCUSDT,多,1000,強制平倉,64482.74519591,0.05959,已成交,1.15275804,64482.74519591,3842.5267862242769,--,2024-08-02T11:34:50+08:00
2024-08-02T11:34:32+08:00,OOOOOOOG,416379678330880,416379678330880,得勁合約,BTCUSDT,多,1000,市價開倉,0,0.059622,已成交,0,64508.7935258,3846.1432875952476,--,2024-08-02T11:34:32+08:00
2024-08-02T11:32:47+08:00,OOOOOOOG,415940102688768,415940102688768,得勁合約,BTCUSDT,多,1000,市價開倉,0,0.05959,已成交,0,64543.0936287,3846.122949334233,--,2024-08-02T11:32:47+08:00
2024-08-02T11:07:07+08:00,OOOOOFHH,409478429110272,408462356553728,得勁合約,BTCUSDT,多,1000,止盈平倉,64407,0.059806,已成交,1.15557752,64407,3851.925042,--,2024-08-02T11:07:07+08:00
2024-08-02T11:06:32+08:00,OOOOOFHH,409331649441792,407075940306944,得勁合約,BTCUSDT,空,1000,止損平倉,64357.1,0.059807,已成交,1.15470153,64357.1,3849.0050797,--,2024-08-02T11:06:32+08:00
2024-08-02T11:03:05+08:00,OOOOOFHH,408462356553728,408462356553728,得勁合約,BTCUSDT,多,1000,市價開倉,0,0.059806,已成交,0,64309.7929288,3846.1114758998128,--,2024-08-02T11:03:05+08:00
2024-08-02T11:02:52+08:00,OOOOOKPI,408408919339008,407800174972928,得勁合約,BTCUSDT,空,1000,止損平倉,64300,0.059796,已成交,1.15346484,64300,3844.8828,--,2024-08-02T11:02:52+08:00
2024-08-02T11:02:03+08:00,OOOOOFHH,408203373277184,407764674383872,得勁合約,BTCUSDT,多,1000,強制平倉,64260.75247846,0.059796,已成交,1.15276079,64260.75247846,3842.53595520199416,--,2024-08-02T11:02:03+08:00
2024-08-02T11:00:27+08:00,OOOOOKPI,407800174972928,407800174972928,得勁合約,BTCUSDT,空,1000,市價開倉,0,0.059796,已成交,0,64320.6070376,3846.1150184203296,--,2024-08-02T11:00:27+08:00
2024-08-02T11:00:18+08:00,OOOOOFHH,407764674383872,407764674383872,得勁合約,BTCUSDT,多,1000,市價開倉,0,0.059796,已成交,0,64320.8929621,3846.1321155617316,--,2024-08-02T11:00:18+08:00
2024-08-02T10:57:34+08:00,OOOOOFHH,407075940306944,407075940306944,得勁合約,BTCUSDT,空,1000,市價開倉,0,0.059807,已成交,0,64308.807073,3846.116824614911,--,2024-08-02T10:57:34+08:00
2024-08-02T10:57:10+08:00,OOOOOKPI,406974446399488,405274467409920,得勁合約,BTCUSDT,空,1000,強制平倉,64317.4884545,0.059855,已成交,1.15491699,64317.4884545,3849.7232714440975,--,2024-08-02T10:57:10+08:00
2024-08-02T10:56:37+08:00,OOOOOFHH,406836046950400,406673443954688,得勁合約,BTCUSDT,空,1000,強制平倉,64294.967439,0.059876,已成交,1.15491765,64294.967439,3849.725470377564,--,2024-08-02T10:56:37+08:00
2024-08-02T10:55:58+08:00,OOOOOFHH,406673443954688,406673443954688,得勁合約,BTCUSDT,空,1000,市價開倉,0,0.059876,已成交,0,64234.9072947,3846.1293091774572,--,2024-08-02T10:55:58+08:00
2024-08-02T10:50:24+08:00,OOOOOKPI,405274467409920,405274467409920,得勁合約,BTCUSDT,空,1000,市價開倉,0,0.059855,已成交,0,64257.4072272,3846.127109584056,--,2024-08-02T10:50:24+08:00
2024-08-02T10:47:44+08:00,OOOOOFHC,404600461946880,403273111670784,得勁合約,BTCUSDT,多,1000,止盈平倉,64269.1,0.060023,已成交,1.73392493,64269.1,3857.6241893,--,2024-08-02T10:47:44+08:00
2024-08-02T10:42:35+08:00,OOOOOFHH,403304417816576,402953658343424,得勁合約,BTCUSDT,空,1000,止損平倉,64100.5,0.060058,已成交,1.15492435,64100.5,3849.747829,--,2024-08-02T10:42:35+08:00
2024-08-02T10:42:27+08:00,OOOOOFHC,403273111670784,403273111670784,得勁合約,BTCUSDT,多,1000,市價開倉,0,0.060023,已成交,0,64077.0922307,3846.0993069633061,--,2024-08-02T10:42:27+08:00
2024-08-02T10:41:11+08:00,OOOOOFHH,402953658343424,402953658343424,得勁合約,BTCUSDT,空,1000,市價開倉,0,0.060058,已成交,0,64040.4078782,3846.1388163489356,--,2024-08-02T10:41:11+08:00
2024-08-02T10:39:20+08:00,OOOOOOOG,402486520147968,401771716059136,得勁合約,BTCUSDT,空,1000,強制平倉,63893.39394294,0.060252,已成交,1.15491144,63893.39394294,3849.70477185002088,--,2024-08-02T10:39:20+08:00
2024-08-02T10:36:29+08:00,OOOOOOOG,401771716059136,401771716059136,得勁合約,BTCUSDT,空,1000,市價開倉,0,0.060252,已成交,0,63833.7084983,3846.1086044395716,--,2024-08-02T10:36:29+08:00
2024-08-02T10:36:16+08:00,OOOOOOOG,401714214703104,401714214703104,得勁合約,BTCUSDT,多,1000,市價開倉,0,0.060284,已成交,0,63800.1914,3846.1307383576,--,2024-08-02T10:36:16+08:00
2024-08-02T10:34:47+08:00,OOOOOFHC,401341487738880,401118455762944,得勁合約,BTCUSDT,空,1000,止損平倉,63715,0.603801,已成交,11.54135422,63715,38471.180715,--,2024-08-02T10:34:47+08:00
2024-08-02T10:33:54+08:00,OOOOOFHC,401118455762944,401118455762944,得勁合約,BTCUSDT,空,1000,市價開倉,0,0.603801,已成交,0,63699.0089024,38461.5252742780224,--,2024-08-02T10:33:54+08:00
2024-08-02T10:33:45+08:00,OOOOOFHC,401081436696576,400247282044928,得勁合約,BTCUSDT,空,1000,止盈平倉,63716.4,0.060182,已成交,1.72364389,63716.4,3834.5803848,--,2024-08-02T10:33:45+08:00
2024-08-02T10:30:26+08:00,OOOOOFHC,400247282044928,400247282044928,得勁合約,BTCUSDT,空,1000,市價開倉,0,0.060182,已成交,0,63907.9082757,3846.1057358481774,--,2024-08-02T10:30:26+08:00
2024-08-02T10:30:22+08:00,OOOOOFHC,400232477794304,400207639126016,得勁合約,BTCUSDT,多,1000,市價平倉,63904,0.06015,已成交,1.15314423,63903.808288,3843.8140685232,--,2024-08-02T10:30:22+08:00
2024-08-02T10:30:16+08:00,OOOOOFHC,400207639126016,400207639126016,得勁合約,BTCUSDT,多,1000,市價開倉,0,0.06015,已成交,0,63942.5918272,3846.14689840608,--,2024-08-02T10:30:16+08:00
2024-08-02T10:19:11+08:00,OOOOOKPM,397416051208192,391008429903872,得勁合約,BTCUSDT,空,1000,止盈平倉,64580.3,0.26129,已成交,7.30449789,64580.3,16874.186587,--,2024-08-02T10:19:11+08:00
2024-08-02T09:55:41+08:00,OOOOOKPM,391501658943488,391046069587968,得勁合約,BTCUSDT,多,1000,強制平倉,64709.63394155,0.261278,已成交,5.07216113,64709.63394155,16907.2037369803009,--,2024-08-02T09:55:41+08:00
2024-08-02T09:55:35+08:00,OOOOOKPM,391476467953664,390956426371072,得勁合約,BTCUSDT,多,1000,強制平倉,64724.42035879,0.261219,已成交,5.07217451,64724.42035879,16907.24836170276501,--,2024-08-02T09:55:35+08:00
2024-08-02T09:53:52+08:00,OOOOOKPM,391046069587968,391046069587968,得勁合約,BTCUSDT,多,1000,市價開倉,0,0.261278,已成交,0,64770.19431,16923.02682892818,--,2024-08-02T09:53:52+08:00
2024-08-02T09:53:43+08:00,OOOOOKPM,391008429903872,391008429903872,得勁合約,BTCUSDT,空,1000,市價開倉,0,0.26129,已成交,0,64767.2056978,16923.023176778162,--,2024-08-02T09:53:43+08:00
2024-08-02T09:53:31+08:00,OOOOOKPM,390956426371072,390956426371072,得勁合約,BTCUSDT,多,1000,市價開倉,0,0.261219,已成交,0,64784.9943544,16923.0714402620136,--,2024-08-02T09:53:31+08:00
2024-08-01T17:21:42+08:00,OOOOOFHC,141357723852800,141346772525056,得勁合約,ETHUSDT,多,1000,市價平倉,3191.99,1.2051,已成交,1.15399669,3191.98042403,3846.655608998553,--,2024-08-01T17:21:42+08:00
2024-08-01T17:21:39+08:00,OOOOOFHC,141346772525056,141346772525056,得勁合約,ETHUSDT,多,1000,市價開倉,0,1.2051,已成交,0,3191.51957453,3846.100239266103,--,2024-08-01T17:21:39+08:00
2024-08-01T17:17:49+08:00,OOOOOFHC,140382247911424,139467659776000,得勁合約,BTCUSDT,多,1000,強制平倉,64560.77243201,0.059518,已成交,1.15275842,64560.77243201,3842.52805360837118,--,2024-08-01T17:17:49+08:00
2024-08-01T17:16:44+08:00,OOOOOFHC,140110045970432,139123346808832,得勁合約,BTCUSDT,多,1000,強制平倉,64583.75123221,0.059497,已成交,1.15276184,64583.75123221,3842.53944706279837,--,2024-08-01T17:16:44+08:00
2024-08-01T17:14:11+08:00,OOOOOFHC,139467659776000,139467659776000,得勁合約,BTCUSDT,多,1000,市價開倉,0,0.059518,已成交,0,64621.193863,3846.124216338034,--,2024-08-01T17:14:11+08:00
2024-08-01T17:12:49+08:00,OOOOOFHC,139123346808832,139123346808832,得勁合約,BTCUSDT,多,1000,市價開倉,0,0.059497,已成交,0,64644.193932,3846.135606372204,--,2024-08-01T17:12:49+08:00
2024-08-01T17:12:32+08:00,OOOOOFHC,139051355774976,138955033583616,得勁合約,BTCUSDT,多,1000,市價平倉,64639.9,0.059517,已成交,1.15414842,64639.7060803,3847.1613867812151,--,2024-08-01T17:12:32+08:00
2024-08-01T17:12:09+08:00,OOOOOFHC,138955033583616,138955033583616,得勁合約,BTCUSDT,多,1000,市價開倉,0,0.059517,已成交,0,64622.6938675,3846.1488709119975,--,2024-08-01T17:12:09+08:00
2024-08-01T17:07:08+08:00,OOOOOFHC,137690241212416,137411821670400,得勁合約,BTCUSDT,多,1000,市價平倉,64508.3,0.05963,已成交,1.15398552,64508.1064751,3846.618389110213,--,2024-08-01T17:07:07+08:00
2024-08-01T17:06:01+08:00,OOOOOFHC,137411821670400,137411821670400,得勁合約,BTCUSDT,多,1000,市價開倉,0,0.05963,已成交,0,64500.1935,3846.146538405,--,2024-08-01T17:06:01+08:00
2024-08-01T16:52:16+08:00,OOOOOFHX,133952849641472,133929133318144,得勁合約,BTCUSDT,空,1000,止損平倉,64417,0.059711,已成交,1.15392105,64417,3846.403487,--,2024-08-01T16:52:16+08:00
2024-08-01T16:52:11+08:00,OOOOOFHX,133929133318144,133929133318144,得勁合約,BTCUSDT,空,1000,市價開倉,0,0.059711,已成交,0,64412.3067625,3846.1232490956375,--,2024-08-01T16:52:11+08:00
2024-08-01T16:45:42+08:00,OOOOOFHX,132300147888128,132241738010624,得勁合約,BTCUSDT,空,1000,市價平倉,64445.6,0.059667,已成交,1.15358615,64445.7933368,3845.2871510268456,--,2024-08-01T16:45:42+08:00
2024-08-01T16:45:28+08:00,OOOOOFHX,132241738010624,132241738010624,得勁合約,BTCUSDT,空,1000,市價開倉,0,0.059667,已成交,0,64460.2066188,3846.1471483239396,--,2024-08-01T16:45:28+08:00
2024-08-01T16:44:39+08:00,OOOOOFHX,132034243239936,131985933246464,得勁合約,BTCUSDT,空,1000,市價平倉,64504.9,0.059657,已成交,1.15445411,64505.0935147,3848.1803638064579,--,2024-08-01T16:44:39+08:00
2024-08-01T16:44:27+08:00,OOOOOFHX,131985933246464,131985933246464,得勁合約,BTCUSDT,空,1000,市價開倉,0,0.059657,已成交,0,64470.806587,3846.134908560659,--,2024-08-01T16:44:27+08:00
2024-08-01T16:40:11+08:00,OOOOOFHX,130909643837440,130778257264640,普通合約,BTCUSDT,空,100,市價平倉,64520,1.490914,已成交,19.23881198,64520.19356,96194.05986131384,--,2024-08-01T16:40:11+08:00
2024-08-01T16:39:39+08:00,OOOOOFHX,130778257264640,130778257264640,普通合約,BTCUSDT,空,100,限價開倉,64493,1.490914,已成交,19.23076491,64493.2065198,96153.8245052610972,--,2024-08-01T16:39:39+08:00
2024-08-01T16:39:16+08:00,OOOOOFHX,130681781526528,130476321902592,普通合約,BTCUSDT,空,100,市價平倉,64493.1,0.014908,已成交,0.19229321,64493.2934793,961.4660191894044,--,2024-08-01T16:39:16+08:00
2024-08-01T16:38:28+08:00,OOOOOFHX,130476321902592,130476321902592,普通合約,BTCUSDT,空,100,市價開倉,0,0.014908,已成交,0.19230368,64496.806509,961.518391436172,--,2024-08-01T16:38:27+08:00
2024-08-01T16:37:27+08:00,OOOOOFHX,130221314056192,,普通合約,BTCUSDT,空,100,限價開倉,65000,0,已取消,0,0,0,2024-08-01T16:37:35+08:00,--
2024-08-01T16:35:40+08:00,OOOOOFHX,129773966368768,129527247376384,普通合約,BTCUSDT,空,10,市價平倉,64472.5,0.001545,已成交,0.01992207,64472.6934175,99.6103113300375,--,2024-08-01T16:35:40+08:00
2024-08-01T16:35:38+08:00,OOOOOFHX,129765597089792,129694450753536,得勁合約,BTCUSDT,空,1000,市價平倉,64480.5,0.119307,已成交,2.30789943,64480.6934415,7692.9980924250405,--,2024-08-01T16:35:38+08:00
2024-08-01T16:35:21+08:00,OOOOOFHX,129694450753536,129694450753536,得勁合約,BTCUSDT,空,1000,市價開倉,0,0.119307,已成交,0,64474.9065747,7692.3076787077329,--,2024-08-01T16:35:21+08:00
2024-08-01T16:34:41+08:00,OOOOOFHX,129527247376384,129527247376384,普通合約,BTCUSDT,空,10,市價開倉,0,0.001545,已成交,0.01991308,64443.6066686,99.565372302987,--,2024-08-01T16:34:41+08:00
2024-08-01T16:33:13+08:00,OOOOOFHX,129158315573248,129043100508160,普通合約,BTCUSDT,空,100,止損平倉,64415.5,0.014928,已成交,0.19231892,64415.5,961.594584,--,2024-08-01T16:33:13+08:00
2024-08-01T16:32:46+08:00,OOOOOFHX,129043100508160,129043100508160,普通合約,BTCUSDT,空,100,市價開倉,0,0.014928,已成交,0.19229894,64408.806773,961.494667507344,--,2024-08-01T16:32:46+08:00
2024-08-01T16:31:33+08:00,OOOOOFHX,128738893561856,128672651190272,得勁合約,BTCUSDT,空,1000,止損平倉,64408.6,1.194311,已成交,23.07716985,64408.6,76923.8994746,--,2024-08-01T16:31:33+08:00
2024-08-01T16:31:17+08:00,OOOOOFHX,128672651190272,128672651190272,得勁合約,BTCUSDT,空,1000,市價開倉,0,1.194311,已成交,0,64407.9067757,76923.0715491930427,--,2024-08-01T16:31:17+08:00
2024-08-01T15:12:10+08:00,OOOOOFHN,108759194705920,106046854107136,得勁合約,BTCUSDT,多,1000,市價平倉,64378.5,0.119748,已成交,2.53855374,64378.3068645,7709.173490410146,--,2024-08-01T15:12:10+08:00
2024-08-01T15:12:10+08:00,OOOOOFHN,108759194705921,106061009883136,得勁合約,BTCUSDT,多,1000,市價平倉,64378.5,1.19747,已成交,25.25889601,64378.3068645,77091.091121032815,--,2024-08-01T15:12:10+08:00
2024-08-01T15:12:10+08:00,OOOOOFHN,108759194705922,106076081659904,普通合約,BTCUSDT,多,100,市價平倉,64378.5,0.014969,已成交,0.19273578,64378.3068645,963.6788754547005,--,2024-08-01T15:12:10+08:00
2024-08-01T15:12:10+08:00,OOOOOFHN,108759194705923,106084749643776,普通合約,BTCUSDT,多,100,市價平倉,64378.5,0.007484,已成交,0.09636145,64378.3068645,481.807248573918,--,2024-08-01T15:12:10+08:00
2024-08-01T15:12:10+08:00,OOOOOFHN,108759194705924,106101088100352,普通合約,BTCUSDT,空,100,市價平倉,64378.5,0.014969,已成交,0.19273694,64378.6931355,963.6846575452995,--,2024-08-01T15:12:10+08:00
2024-08-01T15:12:10+08:00,OOOOOFHN,108759194705925,106106972708864,普通合約,BTCUSDT,空,100,市價平倉,64378.5,0.007483,已成交,0.09634916,64378.6931355,481.7457607329465,--,2024-08-01T15:12:10+08:00
2024-08-01T15:12:10+08:00,OOOOOFHN,108759194705926,106125490561024,普通合約,BTCUSDT,空,100,市價平倉,64378.5,1.496783,已成交,19.27218669,64378.6931355,96360.9334474330965,--,2024-08-01T15:12:10+08:00
2024-08-01T15:12:10+08:00,OOOOOFHN,108759194705927,106163422203904,得勁合約,BTCUSDT,多,1000,市價平倉,64378.5,11.973825,已成交,244.09110282,64378.3068645,770854.5801918217125,--,2024-08-01T15:12:10+08:00
2024-08-01T15:11:43+08:00,OOOOOFHN,108648164818944,108222323793920,得勁合約,BTCUSDT,多,1000,止盈平倉,64345.6,11.954769,已成交,230.77103525,64345.6,769236.7841664,--,2024-08-01T15:11:43+08:00
2024-08-01T15:10:43+08:00,OOOOOFHN,108393879216128,108393879216128,得勁合約,BTCUSDT,多,1000,市價開倉,0,5.978388,已成交,0,64334.2930023,384615.3652734342924,--,2024-08-01T15:10:43+08:00
2024-08-01T15:10:43+08:00,OOOOOFHN,108396489801728,108393879216128,得勁合約,BTCUSDT,多,1000,止損平倉,64333.5,5.978388,已成交,115.38318732,64333.5,384610.624398,--,2024-08-01T15:10:43+08:00
2024-08-01T15:10:38+08:00,OOOOOFHN,108374979682304,108374979682304,得勁合約,BTCUSDT,多,1000,市價開倉,0,11.95607,已成交,0,64338.0930137,769230.743738308159,--,2024-08-01T15:10:38+08:00
2024-08-01T15:10:38+08:00,OOOOOFHN,108375514087424,108374979682304,得勁合約,BTCUSDT,多,1000,止損平倉,64337.3,11.95607,已成交,230.76637873,64337.3,769221.262411,--,2024-08-01T15:10:38+08:00
2024-08-01T15:10:38+08:00,OOOOOFHN,108375530864640,108236127248384,得勁合約,BTCUSDT,多,1000,止盈平倉,64333.2,0.23914,已成交,4.61539244,64333.2,15384.641448,--,2024-08-01T15:10:38+08:00
2024-08-01T15:10:37+08:00,OOOOOFHN,108371336560640,108365922537472,得勁合約,BTCUSDT,多,1000,止盈平倉,64321.8,11.959174,已成交,230.77067946,64321.8,769235.5981932,--,2024-08-01T15:10:37+08:00
2024-08-01T15:10:36+08:00,OOOOOFHN,108365922537472,108365922537472,得勁合約,BTCUSDT,多,1000,市價開倉,0,11.959174,已成交,0,64321.3929636,769230.7303740680664,--,2024-08-01T15:10:36+08:00
2024-08-01T15:10:32+08:00,OOOOOFHN,108350377623552,108327013621760,得勁合約,BTCUSDT,空,1000,止損平倉,64312.9,11.960901,已成交,230.77206898,64312.9,769240.2299229,--,2024-08-01T15:10:32+08:00
2024-08-01T15:10:32+08:00,OOOOOFHN,108350381817856,108336840876032,得勁合約,BTCUSDT,空,1000,止損平倉,64312.9,11.960919,已成交,230.77241627,64312.9,769241.3875551,--,2024-08-01T15:10:32+08:00
2024-08-01T15:10:29+08:00,OOOOOFHN,108336840876032,108336840876032,得勁合約,BTCUSDT,空,1000,市價開倉,0,11.960919,已成交,0,64312.0070634,769230.7072127552646,--,2024-08-01T15:10:29+08:00
2024-08-01T15:10:27+08:00,OOOOOFHN,108327013621760,108327013621760,得勁合約,BTCUSDT,空,1000,市價開倉,0,11.960901,已成交,0,64312.1070631,769230.7456831398531,--,2024-08-01T15:10:27+08:00
2024-08-01T15:10:20+08:00,OOOOOFHN,108300029198336,108286759243776,得勁合約,BTCUSDT,空,1000,止盈平倉,64319.4,5.979734,已成交,115.38387092,64319.4,384612.9030396,--,2024-08-01T15:10:20+08:00
2024-08-01T15:10:17+08:00,OOOOOFHN,108286759243776,108286759243776,得勁合約,BTCUSDT,空,1000,市價開倉,0,5.979734,已成交,0,64319.80704,384615.33703052736,--,2024-08-01T15:10:17+08:00
2024-08-01T15:10:16+08:00,OOOOOFHN,108283247788032,108278886535168,得勁合約,BTCUSDT,空,1000,止盈平倉,64325.2,11.958391,已成交,230.76776783,64325.2,769225.8927532,--,2024-08-01T15:10:16+08:00
2024-08-01T15:10:15+08:00,OOOOOFHN,108278886535168,108278886535168,得勁合約,BTCUSDT,空,1000,市價開倉,0,11.958391,已成交,0,64325.6070226,769230.7600885966366,--,2024-08-01T15:10:15+08:00
2024-08-01T15:10:15+08:00,OOOOOFHN,108279053484032,108269566791680,得勁合約,BTCUSDT,空,1000,止盈平倉,64330.2,11.95748,已成交,230.76812397,64330.2,769227.079896,--,2024-08-01T15:10:15+08:00
2024-08-01T15:10:13+08:00,OOOOOFHN,108269566791680,108269566791680,得勁合約,BTCUSDT,空,1000,市價開倉,0,11.95748,已成交,0,64330.5070079,769230.750936824092,--,2024-08-01T15:10:13+08:00
2024-08-01T15:10:05+08:00,OOOOOFHN,108236127248384,108236127248384,得勁合約,BTCUSDT,多,1000,市價開倉,0,0.23914,已成交,0,64332.8929981,15384.568031565634,--,2024-08-01T15:10:05+08:00
2024-08-01T15:10:02+08:00,OOOOOFHN,108222323793920,108222323793920,得勁合約,BTCUSDT,多,1000,市價開倉,0,11.954769,已成交,0,64345.0930347,769230.7235133474843,--,2024-08-01T15:10:02+08:00
2024-08-01T15:10:01+08:00,OOOOOFHN,108220345810944,108211307909120,得勁合約,BTCUSDT,多,1000,止盈平倉,64343.7,11.955104,已成交,230.77068758,64343.7,769235.6252448,--,2024-08-01T15:10:01+08:00
2024-08-01T15:09:59+08:00,OOOOOFHN,108211307909120,108211307909120,得勁合約,BTCUSDT,多,1000,市價開倉,0,11.955104,已成交,0,64343.2930293,769230.7598677565472,--,2024-08-01T15:09:59+08:00
2024-08-01T15:06:59+08:00,OOOOOFHN,107455160426496,106682962251776,得勁合約,BTCUSDT,多,1000,市價平倉,64400.1,11.977274,已成交,316.55601916,64399.9067997,771335.3293144700178,--,2024-08-01T15:06:59+08:00
2024-08-01T15:06:53+08:00,OOOOOFHR,107431856873472,106335426416640,得勁合約,BTCUSDT,多,1000,市價平倉,64370.5,11.977889,已成交,269.07840619,64370.3068885,771020.3908063883765,--,2024-08-01T15:06:53+08:00
2024-08-01T15:06:53+08:00,OOOOOFHR,107431856873473,106343283990528,得勁合約,BTCUSDT,多,1000,市價平倉,64370.5,0.119783,已成交,2.73960656,64370.3068885,7710.4684700251955,--,2024-08-01T15:06:53+08:00
2024-08-01T15:06:53+08:00,OOOOOFHR,107431856873474,106356771229696,得勁合約,BTCUSDT,多,1000,市價平倉,64370.5,0.059903,已成交,1.47753231,64370.3068885,3855.9744935418155,--,2024-08-01T15:06:53+08:00
2024-08-01T15:06:53+08:00,OOOOOFHR,107431856873475,106366507851776,得勁合約,BTCUSDT,多,1000,市價平倉,64370.5,0.119805,已成交,2.9531891,64370.3068885,7711.8846167767425,--,2024-08-01T15:06:53+08:00
2024-08-01T15:06:53+08:00,OOOOOFHR,107431856873476,106395498881024,普通合約,BTCUSDT,多,100,市價平倉,64370.5,0.014977,已成交,0.19281482,64370.3068885,964.0740862690645,--,2024-08-01T15:06:53+08:00
2024-08-01T15:06:53+08:00,OOOOOFHR,107431856873477,106474765389824,普通合約,BTCUSDT,空,100,市價平倉,64370.5,1.497814,已成交,19.28306507,64370.6931115,96415.325332108261,--,2024-08-01T15:06:53+08:00
2024-08-01T15:06:53+08:00,OOOOOFHR,107431856873478,106481199452160,普通合約,BTCUSDT,空,100,市價平倉,64370.5,0.007489,已成交,0.09641443,64370.6931115,482.0721207120235,--,2024-08-01T15:06:53+08:00
2024-08-01T15:06:53+08:00,OOOOOFHR,107431856873479,106488352382976,普通合約,BTCUSDT,空,100,市價平倉,64370.5,0.014978,已成交,0.19282885,64370.6931115,964.144241424047,--,2024-08-01T15:06:53+08:00
2024-08-01T15:06:53+08:00,OOOOOFHR,107431856873480,106630118215680,得勁合約,BTCUSDT,多,1000,市價平倉,64370.5,11.978766,已成交,277.57995292,64370.3068885,771076.843565529591,--,2024-08-01T15:06:53+08:00
2024-08-01T15:06:53+08:00,OOOOOFHR,107431856873481,106653027504128,得勁合約,BTCUSDT,多,1000,市價平倉,64370.5,11.977665,已成交,266.90684734,64370.3068885,771005.9718576453525,--,2024-08-01T15:06:53+08:00
2024-08-01T15:05:10+08:00,OOOOOFHN,106999786569728,106865850683392,得勁合約,BTCUSDT,空,1000,強制平倉,64322.59266304,3.986054,已成交,76.91799834,64322.59266304,256393.32777488124416,--,2024-08-01T15:05:10+08:00
2024-08-01T15:05:09+08:00,OOOOOFHR,106995638403072,106546607071232,得勁合約,BTCUSDT,空,1000,強制平倉,64280.95390194,2.383599,已成交,45.96600524,64280.95390194,153220.01743971028206,--,2024-08-01T15:05:09+08:00
2024-08-01T15:05:09+08:00,OOOOOFHR,106995646791680,106601523093504,得勁合約,BTCUSDT,空,1000,強制平倉,64283.75649972,11.977364,已成交,230.98498527,64283.75649972,769949.95088451233808,--,2024-08-01T15:05:09+08:00
2024-08-01T15:05:09+08:00,OOOOOFHN,106995680346112,106699661418496,得勁合約,BTCUSDT,空,1000,強制平倉,64283.85659524,2.395469,已成交,46.19699571,64283.85659524,153989.98567434296756,--,2024-08-01T15:05:09+08:00
2024-08-01T15:05:09+08:00,OOOOOFHN,106995680346113,106141068206080,得勁合約,BTCUSDT,空,1000,強制平倉,64294.96697541,1.197527,已成交,23.09848768,64294.96697541,76994.95891716181107,--,2024-08-01T15:05:09+08:00
2024-08-01T15:05:09+08:00,OOOOOFHN,106995684540416,106151057395712,得勁合約,BTCUSDT,空,1000,強制平倉,64297.56936087,11.974791,已成交,230.98498648,64297.56936087,769949.95490442182817,--,2024-08-01T15:05:09+08:00
2024-08-01T15:04:44+08:00,OOOOOFHN,106888224743424,,普通合約,BTCUSDT,空,100,限價開倉,64269.5,0,已取消,0,0,0,2024-08-01T15:04:49+08:00,--
2024-08-01T15:04:39+08:00,OOOOOFHR,106869826060288,106445254266880,得勁合約,BTCUSDT,空,1000,強制平倉,64253.82863144,11.982943,已成交,230.98498981,64253.82863144,769949.96602231352792,--,2024-08-01T15:04:39+08:00
2024-08-01T15:04:39+08:00,OOOOOFHR,106869859614720,106451902238720,得勁合約,BTCUSDT,空,1000,強制平倉,64253.82891589,0.119829,已成交,2.30984162,64253.82891589,7699.47206516218281,--,2024-08-01T15:04:39+08:00
2024-08-01T15:04:38+08:00,OOOOOFHN,106865850683392,106865850683392,得勁合約,BTCUSDT,空,1000,市價開倉,0,3.986054,已成交,0,64262.5072119,256153.8239220228426,--,2024-08-01T15:04:38+08:00
2024-08-01T15:04:28+08:00,OOOOOFHN,106824150913024,106707345383424,得勁合約,BTCUSDT,空,1000,市價平倉,64221.1,5.988673,已成交,115.38009642,64221.2926633,384600.3213978028009,--,2024-08-01T15:04:28+08:00
2024-08-01T15:04:01+08:00,OOOOOFHN,106707345383424,106707345383424,得勁合約,BTCUSDT,空,1000,市價開倉,0,5.988673,已成交,0,64223.807328,384615.380902395744,--,2024-08-01T15:04:01+08:00
2024-08-01T15:03:59+08:00,OOOOOFHN,106699661418496,106699661418496,得勁合約,BTCUSDT,空,1000,市價開倉,0,2.395469,已成交,0,64223.807328,153846.139516196832,--,2024-08-01T15:03:59+08:00
2024-08-01T15:03:55+08:00,OOOOOFHN,106682962251776,106682962251776,得勁合約,BTCUSDT,多,1000,市價開倉,0,11.977274,已成交,0,64224.192672,769230.753061336128,--,2024-08-01T15:03:55+08:00
2024-08-01T15:03:48+08:00,OOOOOFHR,106653027504128,106653027504128,得勁合約,BTCUSDT,多,1000,市價開倉,0,11.977665,已成交,0,64222.0926657,769230.7115487115905,--,2024-08-01T15:03:48+08:00
2024-08-01T15:03:42+08:00,OOOOOFHR,106630118215680,106630118215680,得勁合約,BTCUSDT,多,1000,市價開倉,0,11.978766,已成交,0,64216.192648,769230.745141312368,--,2024-08-01T15:03:42+08:00
2024-08-01T15:03:35+08:00,OOOOOFHR,106601523093504,106601523093504,得勁合約,BTCUSDT,空,1000,市價開倉,0,11.977364,已成交,0,64223.7073283,769230.7201005166012,--,2024-08-01T15:03:35+08:00
2024-08-01T15:03:31+08:00,OOOOOFHR,106585333080064,106456780214272,得勁合約,BTCUSDT,空,1000,市價平倉,64223.9,0.059909,已成交,1.15428036,64224.0926717,3847.6011678688753,--,2024-08-01T15:03:31+08:00
2024-08-01T15:03:29+08:00,OOOOOFHR,106577110601728,106402501726208,普通合約,BTCUSDT,多,100,市價平倉,64224,0.007488,已成交,0.09618158,64223.807328,480.907869272064,--,2024-08-01T15:03:29+08:00
2024-08-01T15:03:28+08:00,OOOOOFHR,106570518798336,106382962106368,普通合約,BTCUSDT,多,100,市價平倉,64224,1.497606,已成交,19.23639184,64223.807328,96181.959197256768,--,2024-08-01T15:03:28+08:00
2024-08-01T15:03:22+08:00,OOOOOFHR,106546607071232,106546607071232,得勁合約,BTCUSDT,空,1000,市價開倉,0,2.383599,已成交,0,64220.9073367,153076.8905068507833,--,2024-08-01T15:03:22+08:00
2024-08-01T15:03:08+08:00,OOOOOFHR,106488352382976,106488352382976,普通合約,BTCUSDT,空,100,市價開倉,0,0.014978,已成交,0.19230581,64196.090035,961.52903654423,--,2024-08-01T15:03:08+08:00
2024-08-01T15:03:07+08:00,OOOOOFHR,106481199452160,106481199452160,普通合約,BTCUSDT,空,100,市價開倉,0,0.007489,已成交,0.09615291,64196.090035,480.764518272115,--,2024-08-01T15:03:07+08:00
2024-08-01T15:03:05+08:00,OOOOOFHR,106474765389824,106474765389824,普通合約,BTCUSDT,空,100,市價開倉,0,1.497814,已成交,19.23076048,64196.090035,96153.80239968349,--,2024-08-01T15:03:05+08:00
2024-08-01T15:03:01+08:00,OOOOOFHR,106456780214272,106456780214272,得勁合約,BTCUSDT,空,1000,市價開倉,0,0.059909,已成交,0,64199.2074018,3846.1103162344362,--,2024-08-01T15:03:01+08:00
2024-08-01T15:03:00+08:00,OOOOOFHR,106451902238720,106451902238720,得勁合約,BTCUSDT,空,1000,市價開倉,0,0.119829,已成交,0,64193.807418,7692.279749091522,--,2024-08-01T15:03:00+08:00
2024-08-01T15:02:58+08:00,OOOOOFHR,106445254266880,106445254266880,得勁合約,BTCUSDT,空,1000,市價開倉,0,11.982943,已成交,0,64193.807418,769230.735242871174,--,2024-08-01T15:02:58+08:00
2024-08-01T15:02:48+08:00,OOOOOFHR,106402501726208,106402501726208,普通合約,BTCUSDT,多,100,市價開倉,0,0.007488,已成交,0.09615238,64204.310055,480.76187369184,--,2024-08-01T15:02:48+08:00
2024-08-01T15:02:46+08:00,OOOOOFHR,106395498881024,106395498881024,普通合約,BTCUSDT,多,100,市價開倉,0,0.014977,已成交,0.19230591,64200.40986,961.52953847322,--,2024-08-01T15:02:46+08:00
2024-08-01T15:02:43+08:00,OOOOOFHR,106382962106368,106382962106368,普通合約,BTCUSDT,多,100,市價開倉,0,1.497606,已成交,19.23076167,64205.01009,96153.80834084454,--,2024-08-01T15:02:43+08:00
2024-08-01T15:02:39+08:00,OOOOOFHR,106366507851776,106366507851776,得勁合約,BTCUSDT,多,1000,市價開倉,0,0.119805,已成交,0,64206.3926186,7692.246867671373,--,2024-08-01T15:02:39+08:00
2024-08-01T15:02:37+08:00,OOOOOFHR,106356771229696,106356771229696,得勁合約,BTCUSDT,多,1000,市價開倉,0,0.059903,已成交,0,64206.2926183,3846.1495467140249,--,2024-08-01T15:02:37+08:00
2024-08-01T15:02:34+08:00,OOOOOFHR,106343283990528,106343283990528,得勁合約,BTCUSDT,多,1000,市價開倉,0,0.119783,已成交,0,64218.192654,7692.247770674082,--,2024-08-01T15:02:34+08:00
2024-08-01T15:02:32+08:00,OOOOOFHR,106335426416640,106335426416640,得勁合約,BTCUSDT,多,1000,市價開倉,0,11.977889,已成交,0,64220.8926621,769230.7237875483069,--,2024-08-01T15:02:32+08:00
2024-08-01T15:01:51+08:00,OOOOOFHN,106163422203904,106163422203904,得勁合約,BTCUSDT,多,1000,市價開倉,0,11.973825,已成交,0,64242.6927275,769230.7602478576875,--,2024-08-01T15:01:51+08:00
2024-08-01T15:01:48+08:00,OOOOOFHN,106151057395712,106151057395712,得勁合約,BTCUSDT,空,1000,市價開倉,0,11.974791,已成交,0,64237.5072869,769230.7241216045379,--,2024-08-01T15:01:48+08:00
2024-08-01T15:01:46+08:00,OOOOOFHN,106141068206080,106141068206080,得勁合約,BTCUSDT,空,1000,市價開倉,0,1.197527,已成交,0,64234.9072947,76923.0358279002069,--,2024-08-01T15:01:46+08:00
2024-08-01T15:01:42+08:00,OOOOOFHN,106125490561024,106125490561024,普通合約,BTCUSDT,空,100,市價開倉,0,1.496783,已成交,19.23075997,64240.3072785,96153.7998492350655,--,2024-08-01T15:01:42+08:00
2024-08-01T15:01:37+08:00,OOOOOFHN,106106972708864,106106972708864,普通合約,BTCUSDT,空,100,市價開倉,0,0.007483,已成交,0.09615103,64246.3072605,480.7551172303215,--,2024-08-01T15:01:37+08:00
2024-08-01T15:01:36+08:00,OOOOOFHN,106101088100352,106101088100352,普通合約,BTCUSDT,空,100,市價開倉,0,0.014969,已成交,0.19229809,64232.1073031,961.4904142201039,--,2024-08-01T15:01:36+08:00
2024-08-01T15:01:32+08:00,OOOOOFHN,106084749643776,106084749643776,普通合約,BTCUSDT,多,100,市價開倉,0,0.007484,已成交,0.09614305,64232.3926966,480.7152269413544,--,2024-08-01T15:01:32+08:00
2024-08-01T15:01:30+08:00,OOOOOFHN,106076081659904,106076081659904,普通合約,BTCUSDT,多,100,市價開倉,0,0.014969,已成交,0.19229924,64232.4926969,961.4961831798961,--,2024-08-01T15:01:30+08:00
2024-08-01T15:01:26+08:00,OOOOOFHN,106061009883136,106061009883136,得勁合約,BTCUSDT,多,1000,市價開倉,0,1.19747,已成交,0,64237.9927134,76923.069134515098,--,2024-08-01T15:01:26+08:00
2024-08-01T15:01:23+08:00,OOOOOFHN,106046854107136,106046854107136,得勁合約,BTCUSDT,多,1000,市價開倉,0,0.119748,已成交,0,64237.2927113,7692.2873275927524,--,2024-08-01T15:01:23+08:00
2024-08-01T14:55:39+08:00,OOOOOOOG,104602113511424,104602113511424,普通合約,SOLUSDT,空,1,市價開倉,0,5.927,已成交,0.19990171,168.63649409,999.50850047143,--,2024-08-01T14:55:39+08:00
2024-08-01T14:53:44+08:00,OOOOOOOG,104120982347776,104120982347776,普通合約,SOLUSDT,多,1,市價開倉,0,5.923,已成交,0.1999137,168.76050628,999.56847869644,--,2024-08-01T14:53:44+08:00
2024-08-01T14:53:40+08:00,OOOOOOOG,104106300641280,104106300641280,普通合約,SOLUSDT,多,1,市價開倉,0,5.923,已成交,0.19991725,168.76350629,999.58624775567,--,2024-08-01T14:53:40+08:00
2024-08-01T14:53:37+08:00,OOOOOOOG,104091058540544,104091058540544,普通合約,SOLUSDT,多,1,市價開倉,0,5.922,已成交,0.19991903,168.79350638,999.59514478236,--,2024-08-01T14:53:37+08:00
2024-08-01T12:48:26+08:00,OOOOOOOG,72589733330944,71356216156160,得勁合約,BTCUSDT,多,1000,強制平倉,63686.18891757,12.067161,已成交,230.55344855,63686.18891757,768511.49514473291877,--,2024-08-01T12:48:26+08:00
2024-08-01T12:48:26+08:00,OOOOOOOG,72589762691072,71506299293696,得勁合約,BTCUSDT,多,1000,強制平倉,63686.18786728,0.060335,已成交,1.15275185,63686.18786728,3842.5061449723388,--,2024-08-01T12:48:26+08:00
2024-08-01T12:47:30+08:00,OOOOOOOG,72354822946816,71898231836672,得勁合約,SOLUSDT,空,1000,止盈平倉,166.752,4598.146,已成交,370.90766522,166.752,766750.041792,--,2024-08-01T12:47:30+08:00
2024-08-01T12:47:29+08:00,OOOOOOOG,72350632837120,71915681783808,得勁合約,SOLUSDT,空,1000,止盈平倉,166.8,4597.871,已成交,344.84010431,166.8,766924.8828,--,2024-08-01T12:47:29+08:00
2024-08-01T12:46:32+08:00,OOOOOOOG,72111557509120,71880038588416,得勁合約,SOLUSDT,多,1000,強制平倉,167.13396864,4598.475,已成交,230.56841294,167.13396864,768561.376441824,--,2024-08-01T12:46:32+08:00
2024-08-01T12:45:46+08:00,OOOOOOOG,71915681783808,71915681783808,得勁合約,SOLUSDT,空,1000,市價開倉,0,4597.871,已成交,0,167.3014981,769230.7063705451,--,2024-08-01T12:45:46+08:00
2024-08-01T12:45:41+08:00,OOOOOOOG,71898231836672,71898231836672,得勁合約,SOLUSDT,空,1000,市價開倉,0,4598.146,已成交,0,167.29149813,769230.73296046698,--,2024-08-01T12:45:41+08:00
2024-08-01T12:45:37+08:00,OOOOOOOG,71880038588416,71880038588416,得勁合約,SOLUSDT,多,1000,市價開倉,0,4598.475,已成交,0,167.27950184,769230.607223694,--,2024-08-01T12:45:37+08:00
2024-08-01T12:45:19+08:00,OOOOOOOG,71805377511424,71373272748032,得勁合約,BTCUSDT,空,1000,強制平倉,63808.51398603,12.066571,已成交,230.98498933,63808.51398603,769949.96441692400313,--,2024-08-01T12:45:19+08:00
2024-08-01T12:44:17+08:00,OOOOOOOG,71545343246336,71497881325568,得勁合約,BTCUSDT,空,1000,強制平倉,63779.98851895,0.060359,已成交,1.1549089,63779.98851895,3849.69632701530305,--,2024-08-01T12:44:17+08:00
2024-08-01T12:44:08+08:00,OOOOOOOG,71506299293696,71506299293696,得勁合約,BTCUSDT,多,1000,市價開倉,0,0.060335,已成交,0,63745.7912368,3846.102314272328,--,2024-08-01T12:44:08+08:00
2024-08-01T12:44:06+08:00,OOOOOOOG,71497881325568,71497881325568,得勁合約,BTCUSDT,空,1000,市價開倉,0,0.060359,已成交,0,63720.4088382,3846.1001570649138,--,2024-08-01T12:44:06+08:00
2024-08-01T12:43:36+08:00,OOOOOOOG,71373272748032,71373272748032,得勁合約,BTCUSDT,空,1000,市價開倉,0,12.066571,已成交,0,63748.9087527,769230.7336369759917,--,2024-08-01T12:43:36+08:00
2024-08-01T12:43:32+08:00,OOOOOOOG,71356216156160,71356216156160,得勁合約,BTCUSDT,多,1000,市價開倉,0,12.067161,已成交,0,63745.7912368,769230.7259268547248,--,2024-08-01T12:43:32+08:00
2024-08-01T11:23:09+08:00,OOOOOOOG,51124479107072,51110721789952,得勁合約,BTCUSDT,多,1000,市價平倉,63906.2,0.060195,已成交,1.15404666,63906.0082814,3846.822168498873,--,2024-08-01T11:23:09+08:00
2024-08-01T11:23:05+08:00,OOOOOOOG,51110721789952,51110721789952,得勁合約,BTCUSDT,多,1000,市價開倉,0,0.060195,已成交,0,63894.6916835,3846.1409658882825,--,2024-08-01T11:23:05+08:00
2024-08-01T11:22:30+08:00,OOOOOOOG,50962968838144,50952520826880,得勁合約,BTCUSDT,多,1000,市價平倉,63913.5,0.060163,已成交,1.15356491,63913.3082595,3845.2163648162985,--,2024-08-01T11:22:30+08:00
2024-08-01T11:22:28+08:00,OOOOOOOG,50952520826880,50952520826880,得勁合約,BTCUSDT,多,1000,市價開倉,0,0.060163,已成交,0,63928.2917843,3846.1178186188409,--,2024-08-01T11:22:28+08:00
2024-08-01T11:21:53+08:00,OOOOOOOG,48420584136704,45420093452288,得勁合約,BTCUSDT,多,1000,市價平倉,63854.2,0.060065,已成交,1.15061731,63854.0084374,3835.391016792431,--,2024-08-01T11:12:24+08:00
2024-08-01T11:21:53+08:00,OOOOOOOG,48737098899457,46613393911808,普通合約,SOLUSDT,空,100,市價平倉,169.114,0.567,已成交,0.01917759,169.114507342,95.887925662914,--,2024-08-01T11:13:39+08:00
2024-08-01T11:21:53+08:00,OOOOOOOG,48737098899458,47285870866432,得勁合約,BTCUSDT,多,1000,市價平倉,63878.3,0.060241,已成交,1.15442434,63878.1083651,3848.0811260219891,--,2024-08-01T11:13:39+08:00
2024-08-01T11:07:53+08:00,OOOOOOOG,47285870866432,47285870866432,得勁合約,BTCUSDT,多,1000,市價開倉,0,0.060241,已成交,0,63845.8915371,3846.1403520864411,--,2024-08-01T11:07:53+08:00
2024-08-01T11:05:13+08:00,OOOOOOOG,46613393911808,46613393911808,普通合約,SOLUSDT,空,100,市價開倉,0,0.567,已成交,0.01922601,169.54149138,96.13002561246,--,2024-08-01T11:05:13+08:00
2024-08-01T11:00:29+08:00,OOOOOOOG,45420093452288,45420093452288,得勁合約,BTCUSDT,多,1000,市價開倉,0,0.060065,已成交,0,64032.7920978,3846.129657354357,--,2024-08-01T11:00:28+08:00
